date,coal,lignite,gas,diesel,hsd,naphtha,multi_fuel,thermal,nuclear,hydro,bhutan,wind,solar,other_re,renewables,total_ex_re,total
2024-01-01,3404.1,91.42,70.38,1.11,0.0,0.0,0.0,3567.01,152.32,204.7,0.0,143.32,251.34,26.62,421.28,3924.03,4345.31
2024-01-02,3502.3,92.1,73.89,1.11,0.0,0.0,0.0,3669.4,155.14,212.87,0.0,115.92,240.95,25.0,381.87,4037.41,4419.28
2024-01-03,3578.47,95.78,69.97,1.11,0.0,0.0,0.0,3745.33,154.41,211.17,0.0,128.9,244.35,24.61,397.86,4110.91,4508.7699999999995
2024-01-04,3583.93,96.51,74.01,1.11,0.0,0.0,0.0,3755.56,148.1,222.31,0.0,142.167,219.12,25.14,386.427,4125.97,4512.397
2024-01-05,3603.08,97.85,81.51,1.11,0.0,0.0,0.0,3783.55,130.81,206.93,0.0,123.587,236.8,25.86,386.247,4121.29,4507.537
2024-01-06,3501.09,93.16,74.65,1.11,0.0,0.0,0.0,3670.01,127.27,194.06,0.0,185.86,248.11,24.95,458.92,3991.34,4450.26
2024-01-07,3344.98,91.38,56.65,1.11,0.0,0.0,0.0,3494.12,126.88,172.85,0.0,233.25,226.35,24.44,484.04,3793.85,4277.89
2024-01-08,3488.46,90.42,77.6,1.11,0.0,0.0,0.0,3657.59,132.79,185.27,0.0,214.08,185.38,23.59,423.05,3975.65,4398.7
2024-01-09,3460.37,94.05,71.98,1.11,0.0,0.0,0.0,3627.51,133.72,188.24,0.0,275.11,189.79,24.93,489.83,3949.47,4439.3
2024-01-10,3504.51,103.83,70.22,1.11,0.0,0.0,0.0,3679.67,132.5,208.36,0.0,219.84,234.23,25.2,479.27,4020.53,4499.8
2024-01-11,3525.25,105.03,66.79,1.11,0.0,0.0,0.0,3698.18,127.49,182.79,0.0,187.98,299.74,25.49,513.21,4008.46,4521.67
2024-01-12,3593.05,104.91,73.49,1.11,0.0,0.0,0.0,3772.56,132.06,193.27,0.0,171.75,308.45,24.74,504.94,4097.89,4602.83
2024-01-13,3668.21,98.36,74.85,1.11,0.0,0.0,0.0,3842.53,132.37,205.51,0.0,81.81,286.3,24.33,392.44,4180.41,4572.849999999999
2024-01-14,3483.51,102.58,57.49,1.11,0.0,0.0,0.0,3644.69,125.27,188.65,0.0,87.68,291.33,23.14,402.15,3958.61,4360.76
2024-01-15,3511.72,104.74,69.81,1.11,0.0,0.0,0.0,3687.38,122.55,197.23,0.0,70.62,300.47,24.14,395.23,4007.16,4402.389999999999
2024-01-16,3608.17,106.05,81.23,1.11,0.0,0.0,0.0,3796.56,120.25,209.55,0.0,59.18,294.24,23.42,376.84,4126.36,4503.2
2024-01-17,3656.77,106.05,91.21,1.11,0.0,0.0,0.0,3855.14,126.87,215.6,0.0,79.25,269.79,23.37,372.41,4197.61,4570.0199999999995
2024-01-18,3692.32,104.08,88.4,1.11,0.0,0.0,0.0,3885.91,133.55,220.55,0.0,107.53,261.36,24.87,393.76,4240.01,4633.77
2024-01-19,3694.64,107.51,90.54,1.11,0.0,0.0,0.0,3893.8,138.93,232.29,0.0,111.38,283.61,26.85,421.84,4265.02,4686.860000000001
2024-01-20,3700.47,108.5,95.13,1.11,0.0,0.0,0.0,3905.21,141.37,230.3,0.0,108.65,275.74,25.07,409.46,4276.88,4686.34
2024-01-21,3630.38,104.43,80.9,1.11,0.0,0.0,0.0,3816.82,141.94,219.29,0.0,91.3,277.6,43.95,412.85,4178.05,4590.900000000001
2024-01-22,3651.01,102.78,92.09,1.11,0.0,0.0,0.0,3846.99,139.81,236.11,0.0,92.76,293.22,25.13,411.11,4222.91,4634.0199999999995
2024-01-23,3694.69,105.76,102.26,1.11,0.0,0.0,0.0,3903.82,133.94,239.06,0.0,97.78,280.99,26.16,404.93,4276.82,4681.75
2024-01-24,3727.48,104.57,101.78,1.11,0.0,0.0,0.0,3934.94,131.44,235.82,0.0,74.18,286.08,26.09,386.35,4302.2,4688.55
2024-01-25,3722.77,106.24,105.33,1.11,0.0,0.0,0.0,3935.45,136.54,234.17,0.0,87.74,296.37,26.74,410.85,4306.16,4717.01
2024-01-26,3538.98,111.52,81.78,1.11,0.0,0.0,0.0,3733.39,136.36,207.73,0.23,135.52,291.15,26.7,453.37,4077.71,4531.08
2024-01-27,3576.34,104.67,91.01,1.11,0.0,0.0,0.0,3773.13,136.1,207.18,0.0,153.2,279.8,25.52,458.52,4116.41,4574.93
2024-01-28,3615.84,106.91,84.96,1.11,0.0,0.0,0.0,3808.82,140.68,194.76,0.0,153.2,279.8,25.52,458.52,4144.26,4602.780000000001
2024-01-29,3671.19,109.05,91.12,1.11,0.0,0.0,0.0,3872.47,124.36,223.69,0.0,99.29,293.14,25.97,418.4,4220.52,4638.92
2024-01-30,3712.92,112.13,115.42,1.11,0.0,0.0,0.0,3941.58,122.37,229.27,0.0,84.04,262.64,25.58,372.26,4293.22,4665.4800000000005
2024-01-31,3673.98,115.49,94.83,1.11,0.0,0.0,0.0,3885.41,122.17,213.94,0.0,91.22,296.16,24.23,411.61,4221.52,4633.13
2024-02-01,3581.23,106.33,87.09,1.11,0.0,0.0,0.0,3775.76,121.97,204.85,0.0,71.63,307.1,23.5,402.23,4102.58,4504.8099999999995
2024-02-02,3682.88,91.8,94.6,1.11,0.0,0.0,0.0,3870.39,122.31,219.34,0.0,64.6,295.26,23.0,382.86,4212.04,4594.9
2024-02-03,3684.3,101.74,97.95,1.11,0.0,0.0,0.0,3885.1,121.77,220.19,0.0,80.25,249.1,26.81,356.16,4227.06,4583.22
2024-02-04,3515.8,98.69,69.15,1.11,0.0,0.0,0.0,3684.75,122.71,184.41,0.0,106.05,257.27,25.82,389.14,3991.87,4381.01
2024-02-05,3532.79,103.75,106.28,1.11,0.0,0.0,0.0,3743.93,122.02,204.39,0.0,79.6,321.31,24.17,425.08,4070.34,4495.42
2024-02-06,3621.25,100.81,96.54,1.11,0.0,0.0,0.0,3819.71,123.05,220.1,0.0,104.58,324.63,23.32,452.53,4162.86,4615.389999999999
2024-02-07,3604.95,99.18,105.83,1.11,0.0,0.0,0.0,3811.07,123.05,213.48,0.0,138.05,321.88,24.48,484.41,4147.6,4632.01
2024-02-08,3559.44,93.67,101.35,1.11,0.0,0.0,0.0,3755.57,122.47,202.11,0.0,174.68,339.68,23.93,538.29,4080.15,4618.4400000000005
2024-02-09,3594.64,96.32,99.0,1.11,0.0,0.0,0.0,3791.07,122.89,213.8,0.0,126.94,362.31,23.22,512.47,4127.76,4640.2300000000005
2024-02-10,3553.83,94.4,97.65,1.11,0.0,0.0,0.0,3746.99,117.34,205.6,0.0,172.96,354.16,22.33,549.45,4069.93,4619.38
2024-02-11,3418.42,100.53,87.47,1.11,0.0,0.0,0.0,3607.53,106.27,177.65,0.0,195.2,345.3,23.5,564.0,3891.45,4455.45
2024-02-12,3550.02,106.21,102.86,1.11,0.0,0.0,0.0,3760.2,106.23,204.27,0.0,183.77,301.4,23.52,508.69,4070.7,4579.389999999999
2024-02-13,3619.55,109.86,140.91,1.11,0.0,0.0,0.0,3871.43,107.11,201.16,0.0,164.82,311.84,25.81,502.47,4179.7,4682.17
2024-02-14,3591.07,108.17,93.43,1.11,0.0,0.0,0.0,3793.78,107.14,195.8,0.0,183.701,338.6,24.87,547.171,4096.72,4643.8910000000005
2024-02-15,3550.54,112.23,91.24,1.11,0.0,0.0,0.0,3755.12,105.92,193.98,0.0,210.64,355.37,20.66,586.67,4055.02,4641.69
2024-02-16,3555.63,110.55,76.95,1.11,0.0,0.0,0.0,3744.24,105.84,193.95,0.0,247.14,357.22,24.92,629.28,4044.03,4673.31
2024-02-17,3612.87,100.81,69.41,1.11,0.0,0.0,0.0,3784.2,105.83,198.1,0.0,159.41,367.08,22.02,548.51,4088.13,4636.64
2024-02-18,3443.94,93.95,59.11,1.11,0.0,0.0,0.0,3598.11,105.95,180.92,0.0,173.69,348.81,24.02,546.52,3884.98,4431.5
2024-02-19,3408.55,82.96,62.53,1.11,0.0,0.0,0.0,3555.15,122.37,204.06,0.0,276.02,343.18,21.73,640.93,3881.58,4522.51
2024-02-20,3617.18,88.88,65.61,1.11,0.0,0.0,0.0,3772.78,122.82,225.44,0.0,144.83,347.74,22.3,514.87,4121.04,4635.91
2024-02-21,3608.05,88.96,67.5,1.11,0.0,0.0,0.0,3765.62,122.24,222.63,0.0,161.63,348.61,22.54,532.78,4110.49,4643.2699999999995
2024-02-22,3654.54,91.25,63.78,1.11,0.0,0.0,0.0,3810.68,122.95,225.16,0.0,133.5,359.2,24.06,516.76,4158.79,4675.55
2024-02-23,3706.22,93.17,66.55,1.11,0.0,0.0,0.0,3867.05,123.06,225.62,0.0,129.48,377.71,24.08,531.27,4215.73,4747.0
2024-02-24,3712.08,92.66,63.17,1.11,0.0,0.0,0.0,3869.02,123.66,220.58,0.0,104.23,364.12,22.56,490.91,4213.26,4704.17
2024-02-25,3540.33,91.33,56.29,1.11,0.0,0.0,0.0,3689.06,120.61,188.2,0.0,160.15,340.47,20.85,521.47,3997.87,4519.34
2024-02-26,3545.86,95.04,60.59,1.11,0.0,0.0,0.0,3702.6,112.7,198.39,0.0,279.52,293.33,24.26,597.11,4013.69,4610.8
2024-02-27,3460.74,109.62,60.56,1.11,0.0,0.0,0.0,3632.03,125.96,197.62,0.0,296.25,349.78,25.89,671.92,3955.61,4627.53
2024-02-28,3522.15,112.2,61.18,1.11,0.0,0.0,0.0,3696.64,135.18,200.07,0.0,205.2,380.72,21.56,607.48,4031.89,4639.37
2024-02-29,3606.53,114.02,67.5,1.11,0.0,0.0,0.0,3789.16,133.23,192.97,0.0,175.61,378.57,22.48,576.66,4115.36,4692.0199999999995
2024-03-01,3598.36,115.3,70.35,1.11,0.0,0.0,0.0,3785.12,129.41,193.95,0.0,201.198,307.45,22.35,530.998,4108.48,4639.477999999999
2024-03-02,3310.02,103.8,81.57,1.11,0.0,0.0,0.0,3496.5,121.98,206.26,0.1,255.62,326.19,22.71,604.52,3824.84,4429.360000000001
2024-03-03,3146.38,94.92,76.68,1.11,0.0,0.0,0.0,3319.09,129.68,224.4,0.0,152.7,384.58,21.91,559.19,3673.17,4232.360000000001
2024-03-04,3388.93,102.13,80.25,1.11,0.0,0.0,0.0,3572.42,134.47,232.42,0.0,111.74,403.92,8.26,523.92,3939.31,4463.23
2024-03-05,3463.88,114.24,81.69,1.11,0.0,0.0,0.0,3660.92,120.16,221.17,0.0,170.11,382.78,23.29,576.18,4002.25,4578.43
2024-03-06,3573.34,115.24,84.61,1.11,0.0,0.0,0.0,3774.3,118.68,216.79,0.0,126.65,359.42,20.98,507.05,4109.77,4616.820000000001
2024-03-07,3589.55,111.03,84.25,1.11,0.0,0.0,0.0,3785.94,118.66,223.88,0.0,112.66,386.83,18.79,518.28,4128.48,4646.759999999999
2024-03-08,3603.19,112.52,81.53,1.11,0.0,0.0,0.0,3798.35,119.33,220.19,0.0,121.18,397.69,20.54,539.41,4137.87,4677.28
2024-03-09,3577.34,116.22,77.16,1.11,0.0,0.0,0.0,3771.83,119.13,224.69,0.0,151.07,387.88,34.98,573.93,4115.65,4689.58
2024-03-10,3531.37,113.93,74.83,1.11,0.0,0.0,0.0,3721.24,119.44,213.83,0.0,133.66,350.26,33.14,517.06,4054.51,4571.57
2024-03-11,3681.86,110.97,78.89,1.11,0.0,0.0,0.0,3872.83,124.24,234.51,0.0,121.42,376.73,35.93,534.08,4231.58,4765.66
2024-03-12,3761.47,106.3,91.66,1.11,0.0,0.0,0.0,3960.54,129.09,236.33,0.27,131.41,381.29,19.36,532.06,4326.23,4858.289999999999
2024-03-13,3766.94,108.97,85.13,1.11,0.0,0.0,0.0,3962.15,133.71,232.73,0.13,158.67,370.57,23.58,552.82,4328.72,4881.54
2024-03-14,3821.1,114.44,81.69,1.11,0.0,0.0,0.0,4018.34,135.17,234.36,0.0,112.77,384.95,18.92,516.64,4387.87,4904.51
2024-03-15,3848.18,119.31,77.21,1.11,0.0,0.0,0.0,4045.81,134.39,217.74,0.5,137.6,378.81,18.68,535.09,4398.44,4933.53
2024-03-16,3801.31,116.2,79.72,1.11,0.0,0.0,0.0,3998.34,134.68,205.48,0.0,140.29,377.50234,21.95,539.74234,4338.5,4878.24234
2024-03-17,3592.67,115.49,72.17,1.11,0.0,0.0,0.0,3781.44,134.72,190.56,0.0,159.09,370.46,22.17,551.72,4106.72,4658.4400000000005
2024-03-18,3753.28,118.8,89.77,1.11,0.0,0.0,0.0,3962.96,125.64,206.79,0.25,129.26,380.23,22.14,531.63,4295.64,4827.27
2024-03-19,3746.59,123.74,96.44,1.11,0.0,0.0,0.0,3967.88,127.51,208.92,0.24,127.53,377.14,24.8,529.47,4304.55,4834.02
2024-03-20,3627.78,126.18,81.95,1.11,0.0,0.0,0.0,3837.02,134.2,191.6,0.1,143.8,386.64,21.35,551.79,4162.92,4714.71
2024-03-21,3619.21,121.39,78.84,1.11,0.0,0.0,0.0,3820.55,132.51,205.59,0.24,170.89,355.99,21.82,548.7,4158.89,4707.59
2024-03-22,3695.15,122.79,78.94,1.11,0.0,0.0,0.0,3897.99,134.66,234.64,2.04,145.74,381.52,16.15,543.41,4269.33,4812.74
2024-03-23,3721.26,120.57,77.12,1.11,0.0,0.0,0.0,3920.06,134.17,231.14,0.57,144.42,372.59,22.18,539.19,4285.94,4825.129999999999
2024-03-24,3514.69,115.29,71.21,1.11,0.0,0.0,0.0,3702.3,134.65,212.93,0.53,153.04,359.96,25.04,538.04,4050.41,4588.45
2024-03-25,3258.82,109.78,64.3,1.11,0.0,0.0,0.0,3434.01,134.3,204.57,0.0,115.87,361.25,24.43,501.55,3772.88,4274.43
2024-03-26,3467.18,117.16,73.2,1.11,0.0,0.0,0.0,3658.65,134.62,236.7,1.37,124.08,365.66,24.84,514.58,4031.34,4545.92
2024-03-27,3727.08,119.76,79.63,1.11,0.0,0.0,0.0,3927.58,134.58,243.56,0.29,151.27,373.4,23.97,548.64,4306.01,4854.650000000001
2024-03-28,3874.94,113.41,84.82,1.11,0.0,0.0,0.0,4074.28,133.49,268.96,0.0,141.55,368.51,22.6,532.66,4476.73,5009.389999999999
2024-03-29,3919.8,112.61,86.5,1.11,0.0,0.0,0.0,4120.02,118.13,257.74,0.0,152.27,369.07,23.59,544.93,4495.89,5040.820000000001
2024-03-30,3845.92,109.47,81.84,1.11,0.0,0.0,0.0,4038.34,113.46,246.69,0.9,171.55,387.75,24.35,583.65,4399.39,4983.04
2024-03-31,3674.8,104.63,79.03,1.11,0.0,0.0,0.0,3859.57,118.07,248.87,0.53,124.17,389.64,23.85,537.66,4227.04,4764.7
2024-04-01,3731.19,101.28,101.6,1.11,0.0,0.0,0.0,3935.18,117.82,252.22,2.67,116.65,380.89,24.02,521.56,4307.89,4829.450000000001
2024-04-02,3817.38,105.86,101.51,1.11,0.0,0.0,0.0,4025.86,122.73,257.96,3.63,129.46,373.52,22.81,525.79,4410.18,4935.97
2024-04-03,3902.25,107.93,104.24,1.11,0.0,0.0,0.0,4115.53,122.99,262.77,2.17,153.0,364.12,23.15,540.27,4503.46,5043.73
2024-04-04,3986.35,102.77,111.78,1.11,0.0,0.0,0.0,4202.01,124.97,259.52,0.51,132.31,363.11,21.82,517.24,4587.01,5104.25
2024-04-05,3991.98,100.74,119.35,1.11,0.0,0.0,0.0,4213.18,131.37,268.47,0.75,179.53,337.72,21.25,538.5,4613.77,5152.27
2024-04-06,3965.19,101.36,108.01,1.11,0.0,0.0,0.0,4175.67,133.12,255.38,1.3,151.42,387.02,22.47,560.91,4565.47,5126.38
2024-04-07,3766.57,106.68,91.65,1.11,0.0,0.0,0.0,3966.01,133.93,228.78,1.11,148.63,383.42,25.04,557.09,4329.83,4886.92
2024-04-08,3834.21,107.32,101.65,1.11,0.0,0.0,0.0,4044.29,132.79,233.54,1.11,126.84,397.39,23.64,547.87,4411.73,4959.599999999999
2024-04-09,3872.28,112.02,97.06,1.11,0.0,0.0,0.0,4082.47,132.35,221.93,0.65,150.04,359.73,24.29,534.06,4437.4,4971.459999999999
2024-04-10,3890.46,114.66,97.96,1.11,0.0,0.0,0.0,4104.19,139.98,218.9,0.45,168.58,361.96,23.24,553.78,4463.52,5017.3
2024-04-11,3837.77,113.18,95.87,1.11,0.0,0.0,0.0,4047.93,128.87,224.03,0.22,139.44,363.46,22.91,525.81,4401.05,4926.860000000001
2024-04-12,3862.07,108.23,91.08,1.11,0.0,0.0,0.0,4062.49,132.33,209.86,0.4,157.07,345.82,23.17,526.06,4405.08,4931.139999999999
2024-04-13,3837.16,110.66,87.8,1.11,0.0,0.0,0.0,4036.73,136.37,216.31,0.35,142.0,319.53,20.43,481.96,4389.76,4871.72
2024-04-14,3673.07,105.54,80.51,1.11,0.0,0.0,0.0,3860.23,139.21,223.25,0.36,128.66,346.402,21.73,496.792,4223.05,4719.842000000001
2024-04-15,3902.68,114.34,95.99,1.11,0.0,0.0,0.0,4114.12,138.86,271.9,1.26,134.93,353.52,24.77,513.22,4526.14,5039.360000000001
2024-04-16,3908.21,117.13,122.66,1.11,0.0,0.0,0.0,4149.11,146.87,305.48,0.96,111.43,403.67,24.03,539.13,4602.42,5141.55
2024-04-17,3922.98,118.28,149.93,1.11,0.0,0.0,0.0,4192.3,154.95,282.34,8.54,114.94,361.14,20.83,496.91,4638.13,5135.04
2024-04-18,3955.3,105.9,147.7,1.11,0.0,0.0,0.0,4210.01,157.07,283.18,6.68,178.08,338.38,23.22,539.68,4656.94,5196.62
2024-04-19,3804.57,103.07,154.75,1.11,0.0,0.0,0.0,4063.5,160.66,280.31,4.31,228.09,384.42,23.66,636.17,4508.78,5144.95
2024-04-20,3895.07,104.45,138.12,1.11,0.0,0.0,0.0,4138.75,164.55,266.71,4.13,189.43,363.2,17.97,570.6,4574.14,5144.740000000001
2024-04-21,3802.73,103.9,89.83,1.11,0.0,0.0,0.0,3997.57,161.48,265.93,5.98,134.66,366.13,37.59,538.38,4430.96,4969.34
2024-04-22,3864.68,108.05,114.46,1.11,0.0,0.0,0.0,4088.3,150.47,276.5,5.25,174.44,395.85,22.93,593.22,4520.52,5113.740000000001
2024-04-23,3849.07,109.35,146.36,1.11,0.0,0.0,0.0,4105.89,149.33,268.98,2.28,136.26,419.34,24.09,579.69,4526.48,5106.17
2024-04-24,3895.51,101.42,152.7,1.11,0.0,0.0,0.0,4150.74,146.37,275.45,2.38,134.97,413.07,23.69,571.73,4574.94,5146.67
2024-04-25,4014.13,97.51,162.09,1.11,0.0,0.0,0.0,4274.84,145.49,297.41,1.74,141.5,410.6,24.83,576.93,4719.48,5296.41
2024-04-26,3966.66,101.18,166.73,1.11,0.0,0.0,0.0,4235.68,136.73,302.17,1.56,177.02,404.49,24.43,605.94,4676.14,5282.08
2024-04-27,3988.54,104.89,174.23,1.11,0.0,0.0,0.0,4268.77,146.56,330.91,0.75,134.08,405.23,27.07,566.38,4746.99,5313.37
2024-04-28,3867.48,106.09,150.02,1.11,0.0,0.0,0.0,4124.7,137.39,311.93,4.32,147.24,395.11,23.09,565.44,4578.34,5143.780000000001
2024-04-29,3984.27,109.73,160.1,1.11,0.0,0.0,0.0,4255.21,137.15,321.16,4.56,176.75,405.406,20.25,602.406,4718.08,5320.486
2024-04-30,3989.25,107.09,164.87,1.11,0.0,0.0,0.0,4262.32,143.02,319.51,4.99,203.04,425.58,24.78,653.4,4729.84,5383.24
2024-05-01,3773.48,102.69,134.36,1.11,0.0,0.0,0.0,4011.64,143.11,277.18,4.6,254.42,424.97,22.24,701.63,4436.53,5138.16
2024-05-02,3942.94,105.52,154.64,1.11,0.0,0.0,0.0,4204.21,142.98,290.46,3.38,157.33,421.64,22.7,601.67,4641.03,5242.7
2024-05-03,4036.15,103.62,168.26,1.11,0.0,0.0,0.0,4309.14,156.28,287.93,2.41,180.56,385.71,22.05,588.32,4755.76,5344.08
2024-05-04,4053.99,101.62,142.94,1.11,0.0,0.0,0.0,4299.66,149.53,300.33,1.37,224.89,397.85,24.27,647.01,4750.89,5397.900000000001
2024-05-05,3884.24,102.11,120.48,1.11,0.0,0.0,0.0,4107.94,153.44,288.19,2.0,263.5,401.64,25.13,690.27,4551.57,5241.84
2024-05-06,4028.04,106.53,155.91,1.11,0.0,0.0,0.0,4291.59,155.18,304.49,1.25,246.94,397.1,24.89,668.93,4752.51,5421.4400000000005
2024-05-07,3840.86,103.74,171.29,1.11,0.0,0.0,0.0,4117.0,163.02,302.69,2.14,216.07,390.33,23.76,630.16,4584.85,5215.01
2024-05-08,3794.6,102.66,187.58,1.11,0.0,0.0,0.0,4085.95,166.26,328.77,1.98,171.75,409.87,24.86,606.48,4582.96,5189.4400000000005
2024-05-09,3830.97,97.91,187.82,1.11,0.0,0.0,0.0,4117.81,168.03,354.12,2.52,174.23,380.97,27.6,582.8,4642.48,5225.28
2024-05-10,3796.81,94.31,190.08,1.11,0.0,0.0,0.0,4082.31,160.17,369.52,1.05,166.95,381.15,25.36,573.46,4613.05,5186.51
2024-05-11,3765.59,86.44,135.59,1.11,0.0,0.0,0.0,3988.73,142.7,394.14,0.77,122.45,376.97,22.84,522.26,4526.34,5048.6
2024-05-12,3737.06,88.57,93.04,1.11,0.0,0.0,0.0,3919.78,141.59,358.36,1.11,104.69,388.37,20.68,513.74,4420.84,4934.58
2024-05-13,3848.34,93.82,112.42,1.11,0.0,0.0,0.0,4055.69,121.43,359.28,1.69,111.27,368.29,24.61,504.17,4538.09,5042.26
2024-05-14,3823.19,93.85,175.2,1.11,0.0,0.0,0.0,4093.35,119.05,353.84,1.4,149.12,382.45,26.53,558.1,4567.64,5125.740000000001
2024-05-15,3911.88,96.49,195.85,1.11,0.0,0.0,0.0,4205.33,135.35,391.5,2.33,107.62,372.77,23.01,503.4,4734.51,5237.91
2024-05-16,3981.73,96.92,192.51,1.11,0.0,0.0,0.0,4272.27,143.16,380.24,3.45,115.65,354.52,24.02,494.19,4799.12,5293.3099999999995
2024-05-17,3989.58,98.41,197.61,1.11,0.0,0.0,0.0,4286.71,140.07,395.35,3.47,140.12,348.22,23.41,511.75,4825.6,5337.35
2024-05-18,3937.4,90.44,198.72,1.11,0.0,0.0,0.0,4227.67,140.8,425.81,3.81,170.18,379.42,24.54,574.14,4798.09,5372.2300000000005
2024-05-19,3757.1,97.35,129.44,1.11,0.0,0.0,0.0,3985.0,139.16,437.81,6.44,197.94,368.08,24.4,590.42,4568.41,5158.83
2024-05-20,3812.06,101.04,144.02,1.11,0.0,0.0,0.0,4058.23,140.25,439.7,6.1,227.2,374.95,24.72,626.87,4644.28,5271.15
2024-05-21,3876.54,91.54,209.39,1.11,0.0,0.0,0.0,4178.58,129.57,450.97,5.88,168.21,399.2,25.86,593.27,4765.0,5358.27
2024-05-22,3985.41,95.49,196.64,1.11,0.0,0.0,0.0,4278.65,131.47,477.32,6.03,167.99,383.31,26.37,577.67,4893.47,5471.14
2024-05-23,3940.68,98.19,193.18,1.11,0.0,0.0,0.0,4233.16,131.91,477.39,5.71,203.49,390.61,25.59,619.69,4848.17,5467.860000000001
2024-05-24,4003.37,100.95,186.52,1.11,0.0,0.0,0.0,4291.95,130.88,479.79,4.09,259.18,384.17,26.66,670.01,4906.71,5576.72
2024-05-25,3837.95,96.48,152.5,1.11,0.0,0.0,0.0,4088.04,132.44,456.52,4.44,432.88,362.45,28.7,824.03,4681.44,5505.469999999999
2024-05-26,3568.24,89.99,102.54,1.11,0.0,0.0,0.0,3761.88,132.52,438.91,8.93,516.24,370.47,22.95,909.66,4342.24,5251.9
2024-05-27,3589.89,90.68,96.34,1.11,0.0,0.0,0.0,3778.02,132.23,463.91,10.8,593.43,372.91,27.12,993.46,4384.96,5378.42
2024-05-28,3637.66,92.57,131.91,1.11,0.0,0.0,0.0,3863.25,132.03,464.83,12.03,619.44,398.0,25.24,1042.68,4472.14,5514.820000000001
2024-05-29,3691.76,96.33,189.75,1.11,0.0,0.0,0.0,3978.95,132.16,505.99,16.4,602.96,410.18,21.25,1034.39,4633.5,5667.89
2024-05-30,3940.56,99.39,204.71,1.11,0.0,0.0,0.0,4245.77,133.8,498.85,8.23,437.38,421.19,24.89,883.46,4886.65,5770.11
2024-05-31,3905.67,104.41,202.17,1.11,0.0,0.0,0.0,4213.36,145.06,505.39,5.59,391.31,417.04,26.53,834.88,4869.4,5704.28
2024-06-01,3862.38,99.42,192.13,1.11,0.0,0.0,0.0,4155.04,145.17,471.49,6.94,370.94,398.45,23.78,793.17,4778.64,5571.81
2024-06-02,3839.24,95.63,106.23,1.11,0.0,0.0,0.0,4042.21,144.28,440.02,5.36,216.94,389.49,26.4,632.83,4631.87,5264.7
2024-06-03,3966.44,86.61,147.24,1.11,0.0,0.0,0.0,4201.4,139.36,463.7,5.77,210.99,360.0,22.55,593.54,4810.23,5403.7699999999995
2024-06-04,3893.16,85.55,200.28,1.11,0.0,0.0,0.0,4180.1,139.69,465.6,6.37,280.19,380.61,25.46,686.26,4791.76,5478.02
2024-06-05,3809.5,86.38,203.94,1.11,0.0,0.0,0.0,4100.93,138.31,442.09,10.76,305.27,399.43,24.55,729.25,4692.09,5421.34
2024-06-06,3719.66,92.35,184.02,1.11,0.0,0.0,0.0,3997.14,139.24,425.36,6.48,223.0,368.89,21.5,613.39,4568.22,5181.610000000001
2024-06-07,3887.01,96.84,196.63,1.11,0.0,0.0,0.0,4181.59,140.45,415.54,5.13,192.01,357.06,23.15,572.22,4742.71,5314.93
2024-06-08,3873.57,95.35,142.88,1.11,0.0,0.0,0.0,4112.91,140.7,415.36,5.62,236.07,356.74,20.21,613.02,4674.59,5287.610000000001
2024-06-09,3704.66,84.47,95.8,1.11,0.0,0.0,0.0,3886.04,138.4,393.49,5.71,310.07,374.21,11.27,695.55,4423.64,5119.1900000000005
2024-06-10,3793.34,95.36,136.67,1.11,0.0,0.0,0.0,4026.48,139.5,401.79,4.87,362.32,363.91,22.97,749.2,4572.64,5321.84
2024-06-11,3783.79,89.36,202.66,1.11,0.0,0.0,0.0,4076.92,138.98,406.85,4.88,414.77,377.24,22.78,814.79,4627.63,5442.42
2024-06-12,3807.22,87.46,198.66,1.11,0.0,0.0,0.0,4094.45,138.9,423.03,9.15,411.41,360.61,23.55,795.57,4665.53,5461.099999999999
2024-06-13,3820.17,87.01,199.51,1.11,0.0,0.0,0.0,4107.8,135.09,432.51,16.74,401.18,363.87,22.3,787.35,4692.14,5479.490000000001
2024-06-14,3800.13,79.12,191.15,1.11,0.0,0.0,0.0,4071.51,135.1,464.68,18.83,413.54,375.85,21.84,811.23,4690.12,5501.35
2024-06-15,3905.57,82.56,136.06,1.11,0.0,0.0,0.0,4125.3,136.68,475.09,18.8,351.65,401.75,19.46,772.86,4755.87,5528.73
2024-06-16,3870.26,87.48,129.5,1.11,0.0,0.0,0.0,4088.35,139.59,485.62,21.48,277.88,393.01,21.36,692.25,4735.04,5427.29
2024-06-17,4020.44,94.88,155.67,1.11,0.0,0.0,0.0,4272.1,138.75,495.51,23.74,258.96,383.59,22.46,665.01,4930.1,5595.110000000001
2024-06-18,3864.15,100.21,187.66,1.11,0.0,0.0,0.0,4153.13,138.23,483.98,22.95,407.51,387.34,23.87,818.72,4798.29,5617.01
2024-06-19,3735.56,93.7,200.53,1.11,0.0,0.0,0.0,4030.9,138.47,477.97,22.76,476.61,367.76,22.41,866.78,4670.1,5536.88
2024-06-20,3472.38,88.73,196.83,1.11,0.0,0.0,0.0,3759.05,138.33,455.79,32.96,508.21,377.56,24.55,910.32,4386.13,5296.45
2024-06-21,3678.43,87.36,154.69,1.11,0.0,0.0,0.0,3921.59,139.74,458.9,30.81,439.42,339.95,22.61,801.98,4551.04,5353.02
2024-06-22,3827.59,96.08,136.51,1.11,0.0,0.0,0.0,4061.29,139.64,461.18,23.13,317.21,334.21,24.43,675.85,4685.24,5361.09
2024-06-23,3692.88,97.84,103.84,1.11,0.0,0.0,0.0,3895.67,137.11,448.0,23.19,307.36,352.61,25.08,685.05,4503.97,5189.02
2024-06-24,3807.39,107.46,127.29,1.11,0.0,0.0,0.0,4043.25,138.03,484.83,26.12,301.97,351.88,18.97,672.82,4692.23,5365.049999999999
2024-06-25,3825.0,105.18,156.11,1.11,0.0,0.0,0.0,4087.4,138.72,493.66,34.46,342.75,340.47,28.54,711.76,4754.24,5466.0
2024-06-26,3790.97,104.63,137.44,1.11,0.0,0.0,0.0,4034.15,139.43,492.94,34.39,346.91,311.59,31.53,690.03,4700.91,5390.94
2024-06-27,3644.04,103.45,126.74,1.11,0.0,0.0,0.0,3875.34,139.7,493.0,33.36,350.56,288.31,28.8,667.67,4541.4,5209.07
2024-06-28,3641.62,98.86,89.65,1.11,0.0,0.0,0.0,3831.24,140.42,499.36,30.49,341.47,306.27,29.51,677.25,4501.51,5178.76
2024-06-29,3606.06,101.76,87.35,1.11,0.0,0.0,0.0,3796.28,141.68,499.71,36.63,347.37,298.06,30.34,675.77,4474.3,5150.07
2024-06-30,3365.55,94.06,80.07,1.11,0.0,0.0,0.0,3540.79,141.24,481.51,36.23,342.32,299.56,33.03,674.91,4199.77,4874.68
2024-07-01,3365.15,95.17,72.44,1.11,0.0,0.0,0.0,3533.87,137.93,477.11,33.96,412.2,301.14,41.7,755.14,4182.87,4938.01
2024-07-02,3227.99,97.68,70.19,1.11,0.0,0.0,0.0,3396.97,134.73,503.46,35.23,524.22,319.46,34.92,878.7,4070.39,4949.09
2024-07-03,3258.21,91.14,68.0,1.11,0.0,0.0,0.0,3418.46,127.23,487.31,37.04,481.95,348.48,33.2,863.69,4070.04,4933.73
2024-07-04,3324.53,94.97,74.83,1.11,0.0,0.0,0.0,3495.44,126.96,514.28,33.99,392.36,308.91,32.89,734.3,4170.67,4904.97
2024-07-05,3350.47,95.94,70.52,1.11,0.0,0.0,0.0,3518.04,126.58,508.61,35.42,403.88,321.01,30.79,755.78,4188.65,4944.429999999999
2024-07-06,3078.97,93.38,62.3,1.11,0.0,0.0,0.0,3235.76,126.89,474.91,34.31,540.17,309.89,33.81,883.95,3871.87,4755.82
2024-07-07,3074.51,96.24,58.48,1.11,0.0,0.0,0.0,3230.34,127.85,482.72,40.46,446.76,283.88,31.98,762.73,3881.37,4644.1
2024-07-08,3514.81,98.23,71.87,1.11,0.0,0.0,0.0,3686.02,129.43,525.5,40.01,273.67,300.93,33.0,607.82,4380.96,4988.78
2024-07-09,3653.33,94.26,73.17,1.11,0.0,0.0,0.0,3821.87,129.57,523.33,38.91,258.91,341.19,33.91,634.2,4513.68,5147.88
2024-07-10,3660.04,95.43,83.58,1.11,0.0,0.0,0.0,3840.16,135.37,536.09,37.89,271.74,377.12,31.27,680.27,4549.51,5229.780000000001
2024-07-11,3599.8,91.12,98.92,1.11,0.0,0.0,0.0,3790.95,143.61,537.93,40.58,408.32,368.75,31.37,808.66,4513.07,5321.73
2024-07-12,3410.18,86.27,80.58,1.11,0.0,0.0,0.0,3578.14,148.84,510.0,40.49,525.06,343.86,30.44,899.57,4277.47,5177.04
2024-07-13,3389.43,87.42,70.92,1.11,0.0,0.0,0.0,3548.88,152.21,489.93,39.37,514.89,317.27,31.37,863.63,4230.39,5094.02
2024-07-14,3385.9,90.29,63.49,1.11,0.0,0.0,0.0,3540.79,151.99,477.07,37.7,475.89,312.76,24.99,813.82,4207.55,5021.37
2024-07-15,3626.28,91.59,76.36,1.11,0.0,0.0,0.0,3795.34,159.62,531.42,36.47,327.92,303.79,23.77,655.66,4522.85,5178.51
2024-07-16,3572.5,89.24,83.37,1.11,0.0,0.0,0.0,3746.22,161.59,548.42,39.05,402.68,345.02,27.09,775.02,4495.28,5270.299999999999
2024-07-17,3564.1,91.88,87.02,1.11,0.0,0.0,0.0,3744.11,162.66,583.57,41.92,382.82,301.72,25.44,710.19,4532.26,5242.450000000001
2024-07-18,3548.5,88.22,96.41,1.11,0.0,0.0,0.0,3734.24,166.08,574.94,41.81,420.83,315.89,28.87,765.72,4517.07,5282.79
2024-07-19,3456.7,85.19,101.92,1.11,0.0,0.0,0.0,3644.92,166.92,575.2,43.28,444.68,315.79,28.11,788.58,4430.32,5218.9
2024-07-20,3502.1,89.1,111.19,1.11,0.0,0.0,0.0,3703.5,166.26,592.51,41.92,408.45,280.78,26.85,716.08,4504.19,5220.2699999999995
2024-07-21,3370.17,90.0,87.51,1.11,0.0,0.0,0.0,3548.79,164.28,567.16,43.53,425.89,315.49,26.73,768.11,4323.76,5091.87
2024-07-22,3470.55,86.68,94.97,1.11,0.0,0.0,0.0,3653.31,166.34,572.56,40.29,444.91,299.3,28.85,773.06,4432.5,5205.5599999999995
2024-07-23,3386.45,89.61,106.46,1.11,0.0,0.0,0.0,3583.63,172.01,572.51,41.94,528.3,292.2,29.94,850.44,4370.09,5220.530000000001
2024-07-24,3304.38,88.34,94.51,1.11,0.0,0.0,0.0,3488.34,171.57,565.16,36.58,548.34,282.13,32.27,862.74,4261.65,5124.389999999999
2024-07-25,3271.25,82.23,91.83,1.11,0.0,0.0,0.0,3446.42,169.37,577.83,41.87,576.07,270.46,15.68,862.21,4235.49,5097.7
2024-07-26,3257.25,79.02,95.33,1.11,0.0,0.0,0.0,3432.71,168.4,576.22,40.81,597.65,293.1,21.47,912.22,4218.14,5130.360000000001
2024-07-27,3292.56,72.47,96.52,1.11,0.0,0.0,0.0,3462.66,165.95,593.92,41.61,551.44,294.14,25.03,870.61,4264.14,5134.75
2024-07-28,3312.66,84.26,83.07,1.11,0.0,0.0,0.0,3481.1,168.36,605.74,40.6,451.12,296.05,24.47,771.64,4295.8,5067.4400000000005
2024-07-29,3533.33,86.59,100.46,1.11,0.0,0.0,0.0,3721.49,172.35,646.42,41.43,405.8,285.05,26.27,717.12,4581.69,5298.8099999999995
2024-07-30,3596.77,83.08,118.63,1.11,0.0,0.0,0.0,3799.59,174.15,672.3,41.06,367.17,321.93,25.93,715.03,4687.1,5402.13
2024-07-31,3488.96,80.28,129.39,1.11,0.0,0.0,0.0,3699.74,175.48,653.37,36.82,412.48,335.48,27.65,775.61,4565.41,5341.0199999999995
2024-08-01,3134.13,82.94,98.01,1.11,0.0,0.0,0.0,3316.19,175.94,590.13,37.66,520.84,259.83,28.05,808.72,4119.92,4928.64
2024-08-02,3052.5,84.81,85.35,1.11,0.0,0.0,0.0,3223.77,176.61,636.78,36.52,552.97,193.47,31.9,778.34,4073.68,4852.0199999999995
2024-08-03,2975.58,82.57,70.12,1.11,0.0,0.0,0.0,3129.38,178.6,675.2,38.28,479.93,263.48,34.68,778.09,4021.46,4799.55
2024-08-04,2887.91,80.79,58.72,1.11,0.0,0.0,0.0,3028.53,176.44,657.5,42.49,427.09,303.61,34.47,765.17,3904.96,4670.13
2024-08-05,3263.33,84.19,69.97,1.11,0.0,0.0,0.0,3418.6,175.63,692.65,42.4,320.19,256.59,32.35,609.13,4329.28,4938.41
2024-08-06,3308.44,82.03,77.24,1.11,0.0,0.0,0.0,3468.82,175.52,694.82,42.53,372.28,226.45,31.73,630.46,4381.69,5012.15
2024-08-07,3182.34,78.46,71.64,1.11,0.0,0.0,0.0,3333.55,175.84,712.51,31.69,371.3,243.78,28.64,643.72,4253.59,4897.31
2024-08-08,3157.21,80.21,73.03,1.11,0.0,0.0,0.0,3311.56,176.02,709.52,37.92,330.05,299.95,29.71,659.71,4235.02,4894.7300000000005
2024-08-09,3250.53,81.22,71.05,1.11,0.0,0.0,0.0,3403.91,178.17,708.17,42.61,288.65,325.97,31.73,646.35,4332.86,4979.21
2024-08-10,3192.15,81.87,69.05,1.11,0.0,0.0,0.0,3344.18,178.29,711.77,41.76,328.26,306.62,31.89,666.77,4276.0,4942.77
2024-08-11,2963.62,84.75,60.41,1.11,0.0,0.0,0.0,3109.89,177.54,619.56,41.11,326.94,320.98,32.57,680.49,3948.1,4628.59
2024-08-12,3160.26,90.77,76.19,1.11,0.0,0.0,0.0,3328.33,176.94,719.37,37.65,207.88,349.77,34.43,592.08,4262.29,4854.37
2024-08-13,3410.4,88.39,88.85,1.11,0.0,0.0,0.0,3588.75,175.82,744.23,40.58,117.44,334.59,30.53,482.56,4549.38,5031.9400000000005
2024-08-14,3548.59,86.78,104.43,1.11,0.0,0.0,0.0,3740.91,176.47,739.74,40.43,121.56,290.07,31.42,443.05,4697.55,5140.6
2024-08-15,3296.67,85.51,72.6,1.11,0.0,0.0,0.0,3455.89,176.93,706.2,41.63,141.26,309.1,32.81,483.17,4380.65,4863.82
2024-08-16,3526.97,84.38,91.36,1.11,0.0,0.0,0.0,3703.82,177.02,724.99,41.67,151.01,242.82,33.66,427.49,4647.5,5074.99
2024-08-17,3471.96,86.14,100.58,1.11,0.0,0.0,0.0,3659.79,177.91,719.4,42.32,182.49,292.85,30.97,506.31,4599.42,5105.7300000000005
2024-08-18,3332.49,85.69,81.8,1.11,0.0,0.0,0.0,3501.09,177.96,707.1,42.62,124.3,356.57,30.63,511.5,4428.77,4940.27
2024-08-19,3363.45,88.25,77.83,1.11,0.0,0.0,0.0,3530.64,174.43,691.08,40.79,112.44,341.3,32.89,486.63,4436.94,4923.57
2024-08-20,3307.89,81.18,104.87,1.11,0.0,0.0,0.0,3495.05,164.04,686.45,42.74,115.86,376.06,33.26,525.18,4388.28,4913.46
2024-08-21,3439.24,77.41,118.16,1.11,0.0,0.0,0.0,3635.92,163.12,688.32,41.95,127.41,375.28,30.77,533.46,4529.31,5062.77
2024-08-22,3468.66,75.02,122.19,1.11,0.0,0.0,0.0,3666.98,163.91,701.14,39.65,163.88,353.19,33.75,550.82,4571.68,5122.5
2024-08-23,3369.67,72.99,112.37,1.11,0.0,0.0,0.0,3556.14,176.03,684.51,40.66,216.61,345.94,34.82,597.37,4457.34,5054.71
2024-08-24,3169.19,73.89,88.61,1.11,0.0,0.0,0.0,3332.8,176.97,681.56,42.77,375.97,299.67,34.25,709.89,4234.1,4943.990000000001
2024-08-25,2814.79,66.3,62.67,1.11,0.0,0.0,0.0,2944.87,178.57,678.97,41.76,520.63,297.26,32.45,850.34,3844.17,4694.51
2024-08-26,2859.24,67.32,63.44,1.11,0.0,0.0,0.0,2991.11,178.59,694.6,44.3,553.46,303.62,34.79,891.87,3908.6,4800.47
2024-08-27,2838.83,73.33,69.21,1.11,0.0,0.0,0.0,2982.48,178.67,705.96,38.03,501.24,281.27,35.63,818.14,3905.14,4723.28
2024-08-28,2940.04,77.64,67.39,1.11,0.0,0.0,0.0,3086.18,178.68,708.4,35.77,458.95,299.18,35.46,793.59,4009.03,4802.62
2024-08-29,2948.67,82.75,70.44,1.14,0.0,0.0,0.0,3103.0,177.25,700.44,36.28,412.96,319.01,35.21,767.18,4016.97,4784.15
2024-08-30,3102.32,83.18,75.29,1.14,0.0,0.0,0.0,3261.93,177.79,706.44,36.28,332.39,315.29,35.6,683.28,4182.44,4865.719999999999
2024-08-31,3194.35,81.94,81.59,1.14,0.0,0.0,0.0,3359.02,177.78,699.0,31.85,291.67,299.12,34.8,625.59,4267.65,4893.24
2024-09-01,2990.92,79.93,66.78,1.14,0.0,0.0,0.0,3138.77,176.94,674.73,38.75,325.18,301.19,33.88,660.25,4029.19,4689.4400000000005
2024-09-02,3144.27,85.96,79.97,1.14,0.0,0.0,0.0,3311.34,177.81,691.25,41.56,321.95,308.63,32.57,663.15,4221.96,4885.11
2024-09-03,3195.65,81.55,84.8,1.14,0.0,0.0,0.0,3363.14,159.78,746.87,39.91,315.28,266.12,34.75,616.15,4309.7,4925.849999999999
2024-09-04,3032.27,78.48,78.73,1.14,0.0,0.0,0.0,3190.62,170.19,742.9,38.55,346.56,275.82,34.88,657.26,4142.26,4799.52
2024-09-05,2996.7,78.3,82.1,1.14,0.0,0.0,0.0,3158.24,164.59,741.9,40.83,364.53,335.42,37.6,737.55,4105.56,4843.110000000001
2024-09-06,3060.46,78.31,78.82,1.14,0.0,0.0,0.0,3218.73,159.81,742.5,41.22,346.6,341.8,38.96,727.36,4162.26,4889.62
2024-09-07,3028.53,80.84,61.64,1.14,0.0,0.0,0.0,3172.15,162.47,730.59,42.35,307.52,353.95,37.25,698.72,4107.56,4806.280000000001
2024-09-08,2917.49,83.13,62.83,1.14,0.0,0.0,0.0,3064.59,165.83,711.65,42.58,314.79,345.89,34.9,695.58,3984.65,4680.2300000000005
2024-09-09,3093.33,88.18,74.27,1.14,0.0,0.0,0.0,3256.92,172.61,700.35,42.38,352.9,353.98,39.59,746.47,4172.26,4918.7300000000005
2024-09-10,3100.54,87.67,79.37,1.14,0.0,0.0,0.0,3268.72,175.38,724.4,41.78,373.93,347.47,33.67,755.47,4210.28,4965.75
2024-09-11,3094.02,90.53,78.64,1.14,0.0,0.0,0.0,3264.33,175.52,719.87,41.66,346.38,349.31,33.58,729.27,4201.38,4930.65
2024-09-12,3001.34,82.58,75.63,1.14,0.0,0.0,0.0,3160.69,174.99,715.91,40.39,381.81,370.86,37.59,790.26,4091.98,4882.24
2024-09-13,2995.57,81.01,66.96,1.14,0.0,0.0,0.0,3144.68,174.0,701.59,40.15,392.35,388.83,44.04,825.22,4060.42,4885.64
2024-09-14,2988.87,85.99,63.43,1.14,0.0,0.0,0.0,3139.43,173.42,696.97,42.36,360.95,393.11,40.92,794.98,4052.18,4847.16
2024-09-15,2926.32,92.24,56.94,1.14,0.0,0.0,0.0,3076.64,172.39,685.25,42.66,336.39,397.23,38.73,772.35,3976.94,4749.29
2024-09-16,3120.01,100.14,67.18,1.14,0.0,0.0,0.0,3288.47,167.98,697.9,43.77,293.32,403.85,37.43,734.6,4198.12,4932.72
2024-09-17,3188.97,94.91,61.28,1.14,0.0,0.0,0.0,3346.3,167.27,675.32,44.58,265.28,397.57,37.46,700.31,4233.47,4933.780000000001
2024-09-18,3302.81,101.94,66.96,1.14,0.0,0.0,0.0,3472.85,153.86,688.37,39.21,226.12,392.51,31.0,649.61,4354.29,5003.9
2024-09-19,3417.01,103.82,84.77,1.14,0.0,0.0,0.0,3606.74,154.42,697.42,36.01,238.19,390.85,32.79,661.83,4494.59,5156.42
2024-09-20,3578.21,106.19,100.77,1.14,0.0,0.0,0.0,3786.31,154.15,680.52,36.16,236.32,385.85,32.76,654.93,4657.14,5312.070000000001
2024-09-21,3589.37,98.16,122.16,1.14,0.0,0.0,0.0,3810.83,149.08,644.67,40.75,259.63,361.12,40.21,660.96,4645.33,5306.29
2024-09-22,3536.11,97.48,89.63,1.14,0.0,0.0,0.0,3724.36,149.45,629.49,39.16,240.89,377.18,33.1,651.17,4542.46,5193.63
2024-09-23,3666.19,99.32,106.43,1.14,0.0,0.0,0.0,3873.08,152.88,647.57,35.45,247.97,373.52,33.39,654.88,4708.98,5363.86
2024-09-24,3666.75,92.57,135.24,1.14,0.0,0.0,0.0,3895.7,156.49,633.59,40.73,269.12,350.99,33.52,653.63,4726.51,5380.14
2024-09-25,3544.75,96.05,123.68,1.14,0.0,0.0,0.0,3765.62,158.26,630.95,37.59,296.63,337.56,33.27,667.46,4592.42,5259.88
2024-09-26,3345.49,85.31,104.06,1.14,0.0,0.0,0.0,3536.0,158.84,644.72,43.87,276.37,330.18,26.43,632.98,4383.43,5016.41
2024-09-27,3229.83,72.68,87.23,1.14,0.0,0.0,0.0,3390.88,158.94,635.09,42.8,270.38,326.6,28.9,625.88,4227.71,4853.59
2024-09-28,3280.72,77.81,87.91,1.14,0.0,0.0,0.0,3447.58,149.25,632.94,43.44,146.34,334.38,34.37,515.09,4273.21,4788.3
2024-09-29,3324.26,84.27,77.25,1.14,0.0,0.0,0.0,3486.92,155.69,611.66,37.29,68.23,353.09,29.7,451.02,4291.56,4742.58
2024-09-30,3568.89,84.47,96.84,1.14,0.0,0.0,0.0,3751.34,154.96,618.97,42.4,66.72,374.06,32.45,473.23,4567.67,5040.9
2024-10-01,3652.09,87.65,134.67,1.14,0.0,0.0,0.0,3875.55,148.7,602.31,42.67,90.41,397.14,31.27,518.82,4669.23,5188.049999999999
2024-10-02,3582.77,87.36,82.0,1.14,0.0,0.0,0.0,3753.27,131.57,565.32,42.7,137.79,404.16,30.12,572.07,4492.86,5064.929999999999
2024-10-03,3596.89,90.46,92.59,1.14,0.0,0.0,0.0,3781.08,130.63,585.86,42.7,224.13,393.14,30.11,647.38,4540.27,5187.650000000001
2024-10-04,3668.53,88.16,95.19,1.14,0.0,0.0,0.0,3853.02,146.22,572.4,43.02,228.14,390.89,30.97,650.0,4614.66,5264.66
2024-10-05,3674.48,88.61,98.77,1.14,0.0,0.0,0.0,3863.0,156.48,590.27,41.87,118.04,364.25,29.29,511.58,4651.62,5163.2
2024-10-06,3541.7,91.31,69.75,1.14,0.0,0.0,0.0,3703.9,151.62,548.86,43.79,48.94,365.45,29.7,444.09,4448.17,4892.26
2024-10-07,3687.83,90.74,89.96,1.14,0.0,0.0,0.0,3869.67,151.66,535.1,43.81,91.27,392.57,31.04,514.88,4600.24,5115.12
2024-10-08,3762.19,95.71,105.12,1.14,0.0,0.0,0.0,3964.16,151.3,528.98,40.38,84.7,376.99,30.03,491.72,4684.82,5176.54
2024-10-09,3775.63,95.47,97.0,1.14,0.0,0.0,0.0,3969.24,150.46,495.28,44.13,128.13,357.57,29.67,515.37,4659.11,5174.48
2024-10-10,3633.04,94.88,87.93,1.14,0.0,0.0,0.0,3816.99,151.41,480.95,42.3,120.08,351.75,29.38,501.21,4491.65,4992.86
2024-10-11,3502.17,93.7,79.06,1.14,0.0,0.0,0.0,3676.07,155.94,460.65,37.0,110.49,336.0,29.82,476.31,4329.66,4805.97
2024-10-12,3239.78,90.97,70.79,1.14,0.0,0.0,0.0,3402.68,157.59,431.89,33.48,107.41,351.15,28.34,486.9,4025.64,4512.54
2024-10-13,3216.02,89.11,68.35,1.14,0.0,0.0,0.0,3374.62,156.77,438.98,41.34,90.43,322.02,28.01,440.46,4011.71,4452.17
2024-10-14,3532.6,92.82,79.4,1.14,0.0,0.0,0.0,3705.96,156.81,449.56,30.58,51.02,280.23,28.93,360.18,4342.91,4703.09
2024-10-15,3510.5,95.18,77.22,1.14,0.0,0.0,0.0,3684.04,156.05,445.86,32.34,47.14,336.25,28.19,411.58,4318.29,4729.87
2024-10-16,3457.1,98.5,67.52,1.14,0.0,0.0,0.0,3624.26,157.13,467.45,30.73,90.0,301.76,28.06,419.82,4279.57,4699.389999999999
2024-10-17,3445.35,95.08,78.28,1.14,0.0,0.0,0.0,3619.85,146.67,444.65,27.0,140.73,331.8,27.88,500.41,4238.17,4738.58
2024-10-18,3490.86,99.54,84.02,1.14,0.0,0.0,0.0,3675.56,153.65,457.23,27.96,112.69,354.18,27.59,494.46,4314.4,4808.86
2024-10-19,3522.28,98.77,76.52,1.14,0.0,0.0,0.0,3698.71,158.53,439.83,27.96,53.86,347.45,27.79,429.1,4325.03,4754.13
2024-10-20,3351.63,95.09,54.99,1.14,0.0,0.0,0.0,3502.85,161.58,422.15,25.43,55.24,333.46,26.64,415.34,4112.01,4527.35
2024-10-21,3471.21,97.8,58.77,1.14,0.0,0.0,0.0,3628.92,155.44,437.3,23.36,60.3,341.96,24.37,426.63,4245.02,4671.650000000001
2024-10-22,3472.47,101.19,68.9,1.14,0.0,0.0,0.0,3643.7,156.2,463.0,23.36,39.14,367.24,28.69,435.07,4286.26,4721.33
2024-10-23,3502.26,93.31,70.77,1.14,0.0,0.0,0.0,3667.48,155.72,423.29,18.28,49.13,373.77,27.07,449.97,4264.77,4714.740000000001
2024-10-24,3448.64,90.06,63.96,1.14,0.0,0.0,0.0,3603.8,153.7,419.91,17.74,61.27,367.88,29.29,458.44,4195.15,4653.589999999999
2024-10-25,3377.85,87.9,63.67,1.14,0.0,0.0,0.0,3530.56,156.32,414.85,12.26,69.76,377.28,29.08,476.12,4113.99,4590.11
2024-10-26,3373.44,92.13,56.54,1.14,0.0,0.0,0.0,3523.25,159.44,393.95,19.7,63.3,398.57,29.07,490.94,4096.34,4587.28
2024-10-27,3308.38,97.44,58.71,1.14,0.0,0.0,0.0,3465.67,160.43,383.66,10.95,86.57,387.89,27.8,502.26,4020.71,4522.97
2024-10-28,3530.51,93.85,74.26,1.14,0.0,0.0,0.0,3699.76,146.45,412.86,14.29,88.54,373.65,27.25,489.44,4273.36,4762.799999999999
2024-10-29,3635.38,91.94,72.61,1.14,0.0,0.0,0.0,3801.07,142.88,419.65,13.51,81.39,374.81,25.99,482.19,4377.11,4859.299999999999
2024-10-30,3606.08,86.92,66.3,1.14,0.0,0.0,0.0,3760.44,156.42,404.39,12.89,47.1,365.77,27.02,439.89,4334.14,4774.030000000001
2024-10-31,3194.31,81.91,60.37,1.14,0.0,0.0,0.0,3337.73,157.12,360.41,12.34,60.68,362.72,26.9,450.3,3867.6,4317.9
2024-11-01,2987.86,88.84,51.94,1.14,0.0,0.0,0.0,3129.78,158.37,323.57,12.43,53.0,356.96,26.86,436.82,3624.15,4060.9700000000003
2024-11-02,2956.4,89.11,48.5,1.14,0.0,0.0,0.0,3095.15,158.39,326.73,13.47,58.08,372.19,27.03,457.3,3593.74,4051.04
2024-11-03,2968.55,91.72,49.34,1.14,0.0,0.0,0.0,3110.75,159.54,323.12,11.72,61.01,374.19,28.06,463.26,3605.13,4068.3900000000003
2024-11-04,3236.77,91.99,50.44,1.14,0.0,0.0,0.0,3380.34,157.99,334.62,11.62,58.83,362.45,27.26,448.54,3884.57,4333.110000000001
2024-11-05,3356.11,93.53,47.63,1.14,0.0,0.0,0.0,3498.41,156.32,334.1,11.81,68.92,375.95,23.66,468.53,4000.64,4469.17
2024-11-06,3432.88,94.21,45.84,1.14,0.0,0.0,0.0,3574.07,159.24,329.48,11.64,87.31,373.67,23.4,484.38,4074.43,4558.8099999999995
2024-11-07,3469.82,98.9,45.28,1.14,0.0,0.0,0.0,3615.14,161.01,319.49,10.66,79.5,363.06,26.34,468.9,4106.3,4575.2
2024-11-08,3482.86,98.5,45.4,1.14,0.0,0.0,0.0,3627.9,163.61,332.53,9.83,82.78,352.11,26.85,461.74,4133.87,4595.61
2024-11-09,3501.55,91.37,46.78,1.14,0.0,0.0,0.0,3640.84,160.1,321.98,9.22,,356.17,28.45,467.49,4132.14,4599.63
2024-11-10,3360.78,88.8,41.04,1.14,0.0,0.0,0.0,3491.76,159.9,288.63,10.67,85.63,368.87,28.45,482.95,3950.96,4433.91
2024-11-11,3492.25,87.64,55.38,1.14,0.0,0.0,0.0,3636.41,163.83,303.65,8.11,84.09,373.08,28.72,485.89,4112.0,4597.89
2024-11-12,3562.11,88.2,62.49,1.14,0.0,0.0,0.0,3713.94,157.47,303.27,8.57,80.07,343.83,26.26,450.16,4183.25,4633.41
2024-11-13,3527.18,85.33,60.54,1.14,0.0,0.0,0.0,3674.19,159.14,271.16,7.03,115.93,327.09,23.74,466.76,4111.52,4578.280000000001
2024-11-14,3537.47,93.06,54.09,1.14,0.0,0.0,0.0,3685.76,154.44,273.98,7.17,92.5,316.06,24.23,432.79,4121.35,4554.14
2024-11-15,3535.13,88.84,48.19,1.14,0.0,0.0,0.0,3673.3,156.12,277.23,7.52,52.95,298.03,27.04,378.02,4114.17,4492.1900000000005
2024-11-16,3413.73,84.17,42.22,1.14,0.0,0.0,0.0,3541.26,159.58,255.79,7.29,84.95,318.96,27.93,431.84,3963.92,4395.76
2024-11-17,3197.67,81.22,42.42,1.14,0.0,0.0,0.0,3322.45,158.72,238.05,6.71,127.12,333.6,27.83,488.55,3725.93,4214.48
2024-11-18,3257.23,84.37,51.28,1.14,0.0,0.0,0.0,3394.02,158.19,261.56,8.78,150.05,347.49,26.9,524.44,3822.55,4346.99
2024-11-19,3341.18,88.1,46.12,1.14,0.0,0.0,0.0,3476.54,162.09,253.93,4.5,120.58,340.98,27.51,489.07,3897.06,4386.13
2024-11-20,3287.8,85.38,47.78,1.14,0.0,0.0,0.0,3422.1,162.39,257.8,5.53,131.74,332.18,27.59,491.51,3847.82,4339.33
2024-11-21,3349.57,86.43,45.0,1.14,0.0,0.0,0.0,3482.14,162.99,272.86,5.47,90.53,340.45,26.51,457.49,3923.46,4380.95
2024-11-22,3350.35,87.1,47.59,1.14,0.0,0.0,0.0,3486.18,162.78,267.57,4.61,86.91,360.72,27.82,475.45,3921.14,4396.59
2024-11-23,3386.53,77.72,46.18,1.14,0.0,0.0,0.0,3511.57,162.13,267.04,4.14,72.19,346.46,29.51,448.16,3944.88,4393.04
2024-11-24,3254.32,69.23,43.56,1.14,0.0,0.0,0.0,3368.25,163.59,249.21,3.87,90.05,332.06,28.96,451.07,3784.92,4235.99
2024-11-25,3315.05,73.46,42.55,1.14,0.0,0.0,0.0,3432.2,163.67,266.54,3.52,126.32,326.72,29.99,483.03,3865.93,4348.96
2024-11-26,3363.65,78.35,42.81,1.14,0.0,0.0,0.0,3485.95,162.83,275.8,3.3,101.4,302.7,29.39,433.49,3927.88,4361.37
2024-11-27,3344.54,85.94,43.05,1.14,0.0,0.0,0.0,3474.67,158.54,269.59,3.37,89.04,315.99,30.42,435.45,3906.17,4341.62
2024-11-28,3262.95,90.89,45.08,1.14,0.0,0.0,0.0,3400.06,158.57,259.84,3.67,132.32,359.1,30.22,521.64,3822.14,4343.78
2024-11-29,3315.92,94.35,44.3,1.14,0.0,0.0,0.0,3455.71,159.52,279.02,2.65,142.1,329.34,26.9,498.34,3896.9,4395.24
2024-11-30,3237.73,83.47,42.99,1.14,0.0,0.0,0.0,3365.33,161.94,267.68,2.07,186.52,289.52,24.49,500.53,3797.02,4297.55
2024-12-01,3058.48,62.78,42.31,1.14,0.0,0.0,0.0,3164.71,164.0,226.05,1.86,212.92,264.07,28.87,505.86,3556.62,4062.48
2024-12-02,3184.7,61.76,43.01,1.14,0.0,0.0,0.0,3290.61,169.34,226.91,1.74,223.54,278.88,27.9,530.32,3688.6,4218.92
2024-12-03,3219.94,60.07,45.12,1.14,0.0,0.0,0.0,3326.27,169.84,225.49,2.06,243.93,298.58,28.58,571.09,3723.66,4294.75
2024-12-04,3261.16,59.58,41.43,1.14,0.0,0.0,0.0,3363.31,171.22,246.57,2.55,223.05,323.57,29.46,576.08,3783.65,4359.7300000000005
2024-12-05,3348.86,71.84,42.56,1.14,0.0,0.0,0.0,3464.4,172.87,260.43,2.52,134.39,327.95,30.05,492.39,3900.22,4392.61
2024-12-06,3436.44,80.39,47.15,1.14,0.0,0.0,0.0,3565.12,173.67,260.82,1.08,82.13,348.57,30.56,461.26,4000.69,4461.95
2024-12-07,3416.22,83.51,66.41,1.14,0.0,0.0,0.0,3567.28,174.39,248.3,0.75,48.03,361.2,28.0,437.23,3990.72,4427.95
2024-12-08,3237.62,79.76,42.07,1.14,0.0,0.0,0.0,3360.59,170.14,225.65,0.47,105.2,358.14,28.47,491.81,3756.85,4248.66
2024-12-09,3297.15,75.54,41.91,1.14,0.0,0.0,0.0,3415.74,167.13,251.23,0.13,180.34,351.74,31.44,563.52,3834.23,4397.75
2024-12-10,3337.23,69.89,42.41,1.14,0.0,0.0,0.0,3450.67,169.27,253.1,0.07,202.23,358.25,28.41,588.89,3873.11,4462.0
2024-12-11,3346.28,73.81,43.65,1.14,0.0,0.0,0.0,3464.88,169.17,251.13,0.07,202.15,347.37,28.69,578.21,3885.25,4463.46
2024-12-12,3340.02,59.09,41.63,1.14,0.0,0.0,0.0,3441.88,162.85,260.4,0.69,222.65,312.93,28.84,564.42,3865.82,4430.24
2024-12-13,3294.96,50.07,41.03,1.14,0.0,0.0,0.0,3387.2,163.75,242.04,0.0,286.83,321.54,29.79,638.16,3792.99,4431.15
2024-12-14,3260.79,55.82,42.03,1.14,0.0,0.0,0.0,3359.78,168.55,237.11,0.0,238.79,365.13,33.31,637.23,3765.44,4402.67
2024-12-15,3153.34,57.52,37.97,1.14,0.0,0.0,0.0,3249.97,169.43,227.18,0.0,181.31,396.77,29.02,607.1,3646.58,4253.68
2024-12-16,3338.98,65.89,42.54,1.14,0.0,0.0,0.0,3448.55,166.23,251.82,0.0,148.85,378.33,31.7,558.88,3866.6,4425.48
2024-12-17,3417.66,61.05,61.14,1.14,0.0,0.0,0.0,3540.99,169.36,268.56,0.0,151.19,377.86,31.57,560.62,3978.91,4539.53
2024-12-18,3475.54,71.59,75.49,1.14,0.0,0.0,0.0,3623.76,165.78,286.13,0.0,194.27,346.45,30.9,571.62,4075.67,4647.29
2024-12-19,3509.06,77.4,74.27,1.14,0.0,0.0,0.0,3661.87,165.71,284.06,0.0,120.43,343.67,30.87,494.97,4111.64,4606.610000000001
2024-12-20,3505.53,73.29,75.41,1.14,0.0,0.0,0.0,3655.37,168.51,297.05,0.0,212.31,306.68,29.53,548.52,4120.93,4669.450000000001
2024-12-21,3529.65,76.65,79.7,1.14,0.0,0.0,0.0,3687.14,166.85,280.33,0.0,141.26,298.78,30.42,470.46,4134.32,4604.78
2024-12-22,3501.79,79.59,46.64,1.14,0.0,0.0,0.0,3629.16,154.73,246.84,0.0,108.55,271.93,30.88,411.36,4030.73,4442.09
2024-12-23,3562.04,84.95,61.56,1.14,0.0,0.0,0.0,3709.69,155.44,283.79,0.0,102.25,274.4,29.62,406.27,4148.92,4555.1900000000005
2024-12-24,3543.51,85.34,56.46,1.14,0.0,0.0,0.0,3686.45,155.06,268.76,0.0,167.81,291.79,28.91,488.51,4110.27,4598.780000000001
2024-12-25,3498.97,86.58,57.63,1.14,0.0,0.0,0.0,3644.32,155.13,258.99,0.0,182.63,282.41,29.2,494.24,4058.44,4552.68
2024-12-26,3541.16,89.35,55.49,1.14,0.0,0.0,0.0,3687.14,154.51,267.54,0.0,179.12,227.33,27.64,434.09,4109.19,4543.28
2024-12-27,3416.93,85.55,50.01,1.14,0.0,0.0,0.0,3553.63,153.6,230.85,0.0,237.07,222.41,28.92,488.4,3938.08,4426.48
2024-12-28,3195.46,84.77,41.11,1.14,0.0,0.0,0.0,3322.48,154.71,222.54,0.0,196.96,322.21,30.8,549.97,3699.73,4249.7
2024-12-29,3127.84,87.57,45.63,1.14,0.0,0.0,0.0,3262.18,154.85,214.75,0.0,197.3,339.11,29.29,565.7,3631.78,4197.4800000000005
2024-12-30,3314.85,92.08,53.69,1.14,0.0,0.0,0.0,3461.76,154.96,240.03,0.0,173.62,348.56,30.58,552.76,3856.75,4409.51
2024-12-31,3398.32,92.29,38.55,1.14,0.0,0.0,0.0,3530.3,153.89,230.04,1.79,177.26,350.57,25.42,553.25,3916.02,4469.27
