Delhi_mean,Delhi_max,Delhi_min,date,Mumbai_mean,Mumbai_max,Mumbai_min,Chennai_mean,Chennai_max,Chennai_min,Kolkata_mean,Kolkata_max,Kolkata_min,Bengaluru_mean,Bengaluru_max,Bengaluru_min,india_mean,india_max,india_min
11.1,16.8,7.7,2025-01-01,26.8,32.4,22.4,25.7,27.9,23.6,18.4,23.4,13.8,20.9,26.5,15.9,20.580000000000002,25.4,16.68
12.4,18.2,8.4,2025-01-02,26.7,32.8,21.2,25.4,27.9,23.2,17.2,22.8,12.7,20.6,26.4,16.2,20.46,25.619999999999997,16.34
12.8,19.6,8.6,2025-01-03,26.4,33.3,21.1,25.4,28.3,22.9,17.2,22.9,12.0,20.3,25.9,16.4,20.419999999999998,26.0,16.2
13.5,21.1,8.4,2025-01-04,25.3,32.9,19.3,24.8,27.6,21.6,19.0,24.4,13.9,19.7,25.8,14.2,20.46,26.360000000000003,15.48
12.4,18.1,9.1,2025-01-05,24.4,29.2,21.2,24.9,28.3,21.4,19.8,25.6,14.3,20.2,26.5,14.9,20.34,25.54,16.18
13.0,18.0,8.8,2025-01-06,23.9,29.9,20.0,25.2,28.5,21.7,19.9,25.4,14.1,20.5,26.2,15.8,20.5,25.6,16.08
13.0,17.5,10.2,2025-01-07,24.4,31.4,18.5,25.0,27.2,22.8,21.2,26.9,15.9,21.3,27.3,15.3,20.979999999999997,26.060000000000002,16.54
12.7,18.4,8.7,2025-01-08,25.1,30.6,20.0,25.2,28.0,21.4,19.3,23.8,15.9,21.0,27.1,16.4,20.66,25.580000000000002,16.48
12.8,18.6,7.9,2025-01-09,25.5,32.0,20.4,26.1,28.5,24.4,18.2,23.5,13.8,19.8,25.9,14.6,20.48,25.7,16.22
12.1,17.9,7.8,2025-01-10,25.2,31.3,20.4,25.9,28.4,23.5,18.3,23.9,13.6,20.8,26.9,15.9,20.46,25.68,16.240000000000002
12.2,16.8,7.9,2025-01-11,24.0,28.5,20.5,26.3,28.5,24.5,18.7,24.9,12.8,21.8,27.7,17.7,20.6,25.279999999999998,16.68
13.2,18.0,9.8,2025-01-12,24.4,30.0,20.6,25.4,26.8,24.0,20.2,26.4,14.1,21.8,28.6,17.1,20.999999999999996,25.959999999999997,17.119999999999997
13.4,19.0,9.1,2025-01-13,26.1,32.7,22.0,25.4,26.9,23.6,21.3,27.8,14.4,22.5,28.1,19.0,21.740000000000002,26.9,17.62
13.2,18.2,8.6,2025-01-14,26.2,32.9,21.6,26.1,28.1,24.5,21.5,27.0,16.5,22.2,27.5,18.5,21.84,26.74,17.94
13.0,18.4,9.1,2025-01-15,25.0,30.1,21.9,26.6,28.9,25.2,20.3,25.5,15.5,20.4,25.5,16.8,21.059999999999995,25.68,17.7
13.9,18.0,11.1,2025-01-16,24.5,29.7,20.2,26.1,28.3,24.8,19.5,25.9,13.8,20.8,26.6,16.0,20.96,25.7,17.18
13.2,18.9,9.2,2025-01-17,26.4,33.3,22.9,25.5,27.4,23.7,20.2,25.8,14.6,20.8,26.7,16.2,21.22,26.419999999999998,17.32
12.3,17.8,7.8,2025-01-18,27.2,34.0,22.2,25.4,28.2,23.1,20.4,25.8,15.1,21.2,27.2,15.8,21.300000000000004,26.6,16.8
14.6,21.2,8.9,2025-01-19,26.4,33.2,21.0,25.2,27.4,23.3,20.3,25.5,15.2,20.0,22.9,18.2,21.3,26.040000000000003,17.32
16.3,21.9,11.7,2025-01-20,26.4,33.2,20.9,25.1,27.5,23.2,19.8,24.9,13.9,21.6,27.2,17.9,21.840000000000003,26.939999999999998,17.52
16.0,21.9,11.1,2025-01-21,25.8,31.4,20.9,25.0,27.8,22.4,20.8,26.6,14.2,21.0,27.8,15.6,21.72,27.1,16.839999999999996
16.2,22.8,10.4,2025-01-22,25.6,31.4,20.4,25.3,28.4,22.4,21.9,28.5,15.7,21.6,28.6,15.4,22.119999999999997,27.939999999999998,16.86
16.3,21.9,11.7,2025-01-23,25.3,30.5,21.7,25.7,29.0,22.5,22.2,28.8,15.9,22.4,29.6,16.6,22.380000000000003,27.96,17.68
14.9,20.9,10.4,2025-01-24,25.8,31.7,20.4,25.1,28.5,21.7,22.7,28.5,16.9,21.3,27.6,16.3,21.96,27.439999999999998,17.14
14.2,20.8,9.0,2025-01-25,26.8,33.2,22.0,24.9,28.6,21.5,21.8,26.9,18.8,21.4,29.0,14.9,21.82,27.7,17.240000000000002
14.1,21.0,8.1,2025-01-26,27.0,33.5,21.8,24.6,28.6,19.9,20.4,25.2,16.2,21.9,29.1,15.1,21.6,27.48,16.22
14.4,21.5,7.8,2025-01-27,26.7,32.5,21.6,25.1,29.2,20.8,19.6,25.0,13.6,21.4,28.2,14.9,21.440000000000005,27.28,15.74
15.3,22.9,7.9,2025-01-28,25.4,30.5,21.2,25.8,29.4,22.0,20.6,27.1,13.9,21.3,28.1,15.5,21.68,27.6,16.1
16.6,24.0,10.2,2025-01-29,24.8,30.8,20.5,25.8,29.0,22.0,22.5,28.2,17.5,21.9,29.4,15.1,22.32,28.28,17.06
17.7,24.8,11.3,2025-01-30,25.4,31.4,20.1,26.3,30.8,23.0,24.0,30.0,19.8,22.4,29.3,16.0,23.159999999999997,29.26,18.04
18.8,26.2,12.1,2025-01-31,24.5,29.5,20.5,26.6,30.0,23.0,24.7,30.3,20.5,24.2,30.5,18.5,23.76,29.3,18.919999999999998
19.1,25.5,12.7,2025-02-01,23.8,29.1,19.9,26.9,30.5,23.9,24.9,29.7,21.5,24.5,30.5,19.4,23.840000000000003,29.060000000000002,19.48
17.9,23.6,13.7,2025-02-02,25.0,30.9,20.5,26.4,30.8,23.0,24.9,30.0,21.0,24.0,31.0,17.5,23.639999999999997,29.26,19.14
16.4,22.8,10.8,2025-02-03,24.7,28.9,20.7,25.7,30.9,20.4,24.9,30.8,20.5,23.4,30.3,16.8,23.02,28.74,17.84
17.6,22.9,12.9,2025-02-04,24.6,29.7,20.1,26.1,32.0,20.8,24.0,29.0,18.6,23.9,30.6,17.0,23.240000000000002,28.839999999999996,17.880000000000003
16.2,21.4,11.9,2025-02-05,25.0,31.5,20.9,26.7,32.0,22.7,24.8,30.9,18.0,23.9,30.4,18.1,23.32,29.240000000000002,18.32
15.9,21.1,11.4,2025-02-06,25.5,31.8,19.3,26.6,30.7,22.5,25.6,30.5,21.1,23.4,29.7,17.4,23.4,28.76,18.340000000000003
15.3,20.8,10.6,2025-02-07,27.2,34.3,22.2,26.1,31.0,22.0,22.6,27.5,18.0,23.4,30.0,17.2,22.919999999999998,28.72,18.0
16.7,23.3,11.1,2025-02-08,27.2,33.2,21.9,26.5,31.5,22.0,21.6,27.5,15.7,23.6,29.9,17.6,23.119999999999997,29.080000000000002,17.660000000000004
17.8,25.1,10.8,2025-02-09,27.5,33.0,22.6,26.5,30.4,22.2,22.0,27.6,15.2,23.6,29.6,18.0,23.48,29.139999999999997,17.76
19.2,27.1,11.6,2025-02-10,27.4,33.5,23.2,27.1,30.3,23.8,23.6,30.6,16.0,22.8,28.9,17.0,24.019999999999996,30.080000000000002,18.32
20.3,27.9,12.2,2025-02-11,26.2,32.3,21.7,26.7,30.9,23.0,25.2,31.1,20.6,23.3,30.6,16.5,24.34,30.559999999999995,18.8
19.2,25.2,13.6,2025-02-12,26.0,33.2,20.4,26.2,31.5,21.4,25.9,32.2,20.4,24.3,31.6,17.0,24.32,30.740000000000002,18.56
18.3,23.6,13.7,2025-02-13,27.5,34.8,21.5,25.9,31.8,21.0,26.1,31.4,22.4,24.9,31.9,17.8,24.54,30.7,19.279999999999998
18.5,24.6,12.3,2025-02-14,28.5,34.7,22.5,25.9,32.2,20.7,23.8,29.0,18.5,25.4,32.0,18.4,24.419999999999998,30.5,18.48
19.9,25.6,13.0,2025-02-15,28.7,35.2,22.0,26.4,31.3,21.9,24.1,30.8,16.8,25.4,31.3,19.1,24.9,30.840000000000003,18.560000000000002
20.4,26.6,13.4,2025-02-16,27.5,35.1,21.6,26.9,31.6,22.9,24.9,32.0,18.1,25.1,31.9,18.8,24.959999999999997,31.440000000000005,18.96
21.7,28.8,16.2,2025-02-17,27.1,34.2,20.8,27.0,31.2,23.1,26.3,32.2,21.1,24.7,31.8,18.3,25.36,31.640000000000004,19.9
20.9,26.4,16.8,2025-02-18,28.2,34.8,23.4,26.7,31.0,22.7,25.5,32.3,21.5,24.9,31.6,18.3,25.24,31.22,20.54
20.6,27.0,14.1,2025-02-19,28.0,33.4,23.2,26.6,31.0,21.8,23.3,28.3,20.1,25.8,32.8,18.9,24.86,30.5,19.619999999999997
19.0,23.6,15.1,2025-02-20,28.3,34.7,22.2,27.0,31.1,22.8,22.8,26.9,20.0,25.7,32.7,19.5,24.56,29.8,19.919999999999998
19.0,25.0,13.7,2025-02-21,30.0,36.7,24.6,27.1,31.1,23.8,23.8,29.0,18.5,25.3,32.3,18.5,25.04,30.820000000000004,19.82
18.3,23.9,13.5,2025-02-22,29.2,34.9,24.5,27.2,31.4,23.5,23.0,29.1,19.9,25.5,32.2,18.5,24.64,30.3,19.98
18.9,25.0,13.2,2025-02-23,29.6,35.7,23.6,27.5,32.4,23.5,22.7,27.7,18.9,25.6,31.9,19.8,24.860000000000003,30.54,19.799999999999997
20.1,26.9,13.3,2025-02-24,29.7,36.8,24.2,27.3,31.0,23.5,23.8,28.5,18.8,24.7,30.5,19.2,25.119999999999997,30.74,19.8
21.4,28.1,14.4,2025-02-25,29.8,37.5,24.7,27.9,31.3,24.0,24.2,28.9,19.5,23.8,30.1,17.5,25.419999999999998,31.179999999999996,20.02
23.7,30.0,17.9,2025-02-26,29.0,37.2,22.9,28.2,31.5,25.4,24.0,29.4,18.9,24.3,30.6,18.6,25.840000000000003,31.74,20.74
21.1,23.4,19.1,2025-02-27,29.2,35.8,23.9,27.9,31.2,24.9,24.8,30.0,19.5,24.3,30.9,17.9,25.459999999999997,30.259999999999998,21.060000000000002
20.0,23.4,18.2,2025-02-28,28.8,33.4,24.1,28.0,31.0,25.1,25.7,31.4,20.5,24.5,31.4,17.7,25.4,30.119999999999997,21.12
19.5,24.0,15.5,2025-03-01,29.0,33.7,24.5,28.2,30.8,25.8,27.5,34.3,21.5,24.7,31.4,18.6,25.78,30.839999999999996,21.18
19.1,24.5,15.4,2025-03-02,29.3,36.2,24.6,28.4,32.2,25.6,28.2,34.3,22.5,25.8,32.2,19.6,26.160000000000004,31.880000000000003,21.54
19.8,26.9,12.8,2025-03-03,29.5,36.2,24.3,28.3,33.0,24.6,28.8,33.9,23.4,26.7,33.1,20.2,26.619999999999997,32.62,21.06
19.8,24.4,15.6,2025-03-04,29.4,35.8,24.9,28.2,33.2,23.9,27.8,32.8,22.9,27.2,33.1,21.5,26.48,31.860000000000003,21.76
17.8,22.8,12.6,2025-03-05,29.6,36.8,24.2,28.4,34.5,23.9,27.3,32.4,21.5,27.6,33.2,21.6,26.140000000000004,31.939999999999998,20.759999999999998
19.6,26.5,12.8,2025-03-06,28.6,35.0,22.5,28.9,35.2,23.6,24.7,29.5,20.2,27.5,33.3,21.9,25.860000000000003,31.9,20.2
20.9,28.4,12.5,2025-03-07,29.4,36.9,24.5,27.5,33.0,22.8,24.9,30.9,18.2,27.0,34.0,20.3,25.939999999999998,32.64,19.66
22.4,30.1,14.6,2025-03-08,28.9,36.0,23.5,27.6,32.8,23.1,26.1,32.9,19.5,26.8,34.2,19.6,26.360000000000003,33.2,20.060000000000002
24.7,31.8,16.8,2025-03-09,28.5,35.6,22.9,27.5,31.1,23.4,27.6,33.7,22.2,26.6,33.7,20.1,26.98,33.17999999999999,21.080000000000002
25.2,31.6,19.0,2025-03-10,30.7,39.0,24.2,28.3,31.5,25.6,28.0,35.5,21.8,24.5,31.6,17.8,27.339999999999996,33.839999999999996,21.68
26.9,34.3,19.5,2025-03-11,30.5,37.4,25.5,26.9,30.0,24.5,28.3,34.5,22.4,23.4,31.2,18.2,27.2,33.48,22.020000000000003
26.4,32.9,19.8,2025-03-12,30.2,37.0,25.1,26.8,30.0,24.0,28.8,36.0,21.9,24.5,30.7,20.0,27.339999999999996,33.32,22.160000000000004
25.2,32.0,21.0,2025-03-13,29.4,34.2,24.8,28.1,33.2,24.0,30.1,37.1,24.0,26.3,34.0,18.6,27.82,34.1,22.48
25.7,33.2,19.0,2025-03-14,29.3,34.7,24.2,28.6,33.4,24.7,30.5,37.9,24.5,27.4,34.4,19.7,28.3,34.720000000000006,22.42
24.1,30.3,19.0,2025-03-15,29.3,35.5,24.8,28.9,34.0,25.0,31.1,39.0,25.3,26.9,33.7,20.4,28.060000000000002,34.5,22.9
23.7,29.9,18.0,2025-03-16,29.0,33.2,25.1,28.9,32.8,25.1,30.9,39.6,25.1,26.7,33.4,19.8,27.839999999999996,33.78,22.62
23.1,28.2,17.5,2025-03-17,28.7,33.5,24.8,29.4,34.0,25.9,28.9,37.2,24.9,27.3,35.0,21.4,27.48,33.58,22.9
23.6,29.9,17.0,2025-03-18,27.9,33.2,23.0,29.4,33.0,25.9,30.3,35.8,24.2,27.9,34.8,21.4,27.82,33.339999999999996,22.3
25.2,32.3,17.7,2025-03-19,27.6,32.3,23.1,29.5,33.3,26.4,29.8,36.8,23.6,27.2,33.8,21.5,27.859999999999996,33.7,22.459999999999997
26.2,33.0,19.0,2025-03-20,29.0,35.1,23.1,29.7,33.6,27.0,29.2,34.5,25.5,26.4,33.1,20.2,28.1,33.86,22.96
25.4,32.0,19.4,2025-03-21,28.0,32.4,25.2,29.7,33.2,27.4,27.5,34.5,22.4,26.8,34.0,20.0,27.48,33.220000000000006,22.880000000000003
25.2,31.3,18.0,2025-03-22,27.4,32.7,22.5,29.5,32.7,27.0,23.0,26.1,21.1,24.7,33.2,21.5,25.959999999999997,31.2,22.02
26.0,32.7,18.5,2025-03-23,28.4,33.8,23.7,29.6,32.8,27.0,24.2,28.9,20.6,24.1,29.6,20.1,26.46,31.559999999999995,21.98
27.2,33.8,20.0,2025-03-24,28.3,32.9,24.6,29.0,32.0,26.2,26.1,31.7,20.2,24.7,30.7,19.8,27.059999999999995,32.21999999999999,22.16
28.7,36.4,20.9,2025-03-25,28.6,33.2,24.5,28.8,32.6,24.9,27.8,33.2,20.5,25.3,31.1,20.0,27.839999999999996,33.3,22.16
30.0,37.9,21.8,2025-03-26,27.7,31.5,23.9,29.0,33.2,24.7,29.5,36.3,23.1,26.5,33.5,19.6,28.54,34.480000000000004,22.619999999999997
30.1,36.2,24.1,2025-03-27,27.1,30.8,24.3,29.8,35.9,25.2,30.8,37.9,24.0,27.4,33.9,20.5,29.04,34.940000000000005,23.62
26.1,31.0,21.8,2025-03-28,28.5,32.5,23.6,30.1,36.2,25.4,31.8,39.6,25.2,28.0,35.2,21.8,28.9,34.9,23.560000000000002
23.0,28.9,16.1,2025-03-29,30.9,36.2,26.4,30.4,37.1,24.7,31.7,38.2,25.7,28.4,34.9,22.2,28.880000000000003,35.059999999999995,23.020000000000003
24.8,31.5,17.5,2025-03-30,31.5,37.7,26.6,29.4,34.2,24.3,31.0,38.2,25.7,28.0,34.4,22.0,28.939999999999998,35.2,23.220000000000002
26.2,33.8,17.5,2025-03-31,31.2,37.0,25.5,29.1,32.7,25.5,30.6,37.3,26.1,28.0,34.3,21.5,29.02,35.02,23.22
26.5,33.3,19.0,2025-04-01,31.7,38.8,25.9,29.2,32.8,25.0,30.4,37.1,26.0,26.4,33.3,19.6,28.840000000000003,35.06,23.1
27.7,35.7,18.6,2025-04-02,31.8,37.4,27.8,29.9,32.9,27.2,30.7,37.8,25.9,26.1,32.6,20.4,29.240000000000002,35.28,23.98
29.6,37.4,20.4,2025-04-03,29.4,32.5,27.2,29.1,32.3,26.0,30.9,37.8,25.5,25.3,32.7,20.5,28.860000000000003,34.54,23.919999999999998
30.1,37.0,21.6,2025-04-04,29.2,33.2,26.4,28.4,30.3,26.4,29.9,33.6,25.6,23.3,29.0,19.9,28.18,32.62,23.98
29.0,35.2,22.0,2025-04-05,29.7,35.4,24.7,29.1,33.2,24.8,31.6,38.3,25.8,24.9,31.1,19.5,28.860000000000003,34.64,23.36
30.5,38.0,22.0,2025-04-06,30.0,35.7,24.8,30.0,34.2,26.5,31.0,37.5,26.4,26.8,32.9,20.9,29.660000000000004,35.660000000000004,24.119999999999997
32.5,39.9,24.4,2025-04-07,30.7,36.4,24.9,30.1,33.9,26.5,30.2,37.0,26.0,27.7,34.8,21.0,30.240000000000002,36.4,24.56
32.8,39.9,25.2,2025-04-08,31.1,36.5,26.0,30.2,33.6,26.5,29.5,36.2,26.0,27.5,34.3,20.2,30.22,36.1,24.78
33.5,40.7,26.0,2025-04-09,30.4,34.6,26.1,30.1,33.8,26.9,30.0,36.0,24.9,27.4,33.2,20.5,30.28,35.660000000000004,24.880000000000003
31.5,38.9,26.6,2025-04-10,29.4,33.2,26.6,30.9,37.3,25.9,29.3,35.5,24.0,27.3,33.2,20.8,29.68,35.61999999999999,24.779999999999998
26.3,34.2,22.5,2025-04-11,29.0,33.0,25.5,31.4,36.0,28.5,28.2,33.1,23.0,26.3,34.0,20.7,28.24,34.06,24.04
26.2,34.8,20.5,2025-04-12,28.8,32.2,25.6,31.8,38.8,27.2,29.2,37.7,25.0,25.7,33.5,20.6,28.339999999999996,35.4,23.78
28.3,35.3,21.0,2025-04-13,28.9,32.7,25.5,31.2,36.2,27.2,28.8,34.2,25.2,26.3,32.1,21.0,28.7,34.1,23.98
29.3,35.6,22.2,2025-04-14,30.1,36.4,24.5,30.3,34.5,26.7,28.7,34.0,24.6,26.8,33.7,21.4,29.040000000000003,34.839999999999996,23.880000000000003
30.8,36.6,24.6,2025-04-15,30.0,35.1,25.5,30.3,34.3,27.2,28.5,35.5,23.9,27.3,33.6,20.7,29.380000000000003,35.019999999999996,24.38
32.2,38.2,25.5,2025-04-16,29.1,33.0,25.6,30.5,34.1,27.9,29.1,34.8,25.2,25.7,34.0,21.7,29.32,34.82000000000001,25.18
33.3,40.5,26.2,2025-04-17,28.8,32.4,25.6,30.2,34.3,27.7,27.0,34.3,23.5,27.2,33.2,21.0,29.3,34.94,24.8
32.9,40.8,25.7,2025-04-18,28.9,32.3,26.0,31.0,36.2,27.5,26.8,31.7,23.5,26.7,33.6,21.3,29.259999999999998,34.92,24.8
32.6,39.9,27.4,2025-04-19,29.2,32.7,26.0,31.6,36.7,28.0,27.6,31.6,24.2,26.8,32.8,21.0,29.560000000000002,34.739999999999995,25.32
33.1,40.0,27.0,2025-04-20,29.2,33.0,25.3,31.6,36.7,28.2,30.0,36.2,26.4,26.7,34.3,21.0,30.119999999999997,36.04,25.580000000000002
33.8,40.3,26.3,2025-04-21,29.1,32.7,25.9,31.0,35.1,28.0,31.1,35.9,28.1,27.5,34.2,20.9,30.5,35.64,25.840000000000003
32.6,39.5,24.5,2025-04-22,29.8,34.3,25.4,30.8,34.7,26.8,31.3,36.5,27.7,28.3,34.5,21.9,30.560000000000002,35.9,25.26
32.2,39.2,23.8,2025-04-23,30.2,34.8,26.5,31.2,35.5,27.5,33.1,42.1,27.6,29.0,35.5,21.6,31.140000000000004,37.42,25.4
32.8,40.3,24.4,2025-04-24,29.7,33.3,26.7,31.2,35.2,27.9,32.5,38.3,27.9,29.0,36.2,21.0,31.04,36.660000000000004,25.580000000000002
33.8,41.5,25.3,2025-04-25,29.6,33.7,26.3,31.0,34.6,28.0,32.7,39.2,28.3,28.8,35.5,21.8,31.18,36.9,25.939999999999998
34.3,41.5,26.0,2025-04-26,29.4,33.2,26.2,30.9,34.2,27.9,31.5,37.5,27.9,28.5,34.2,22.5,30.919999999999998,36.120000000000005,26.1
34.5,40.8,28.3,2025-04-27,29.3,33.3,25.9,30.8,34.2,28.0,32.1,38.1,28.1,28.0,34.2,21.9,30.939999999999998,36.120000000000005,26.440000000000005
33.0,41.0,26.5,2025-04-28,29.3,32.8,26.1,30.6,33.7,27.5,28.7,31.1,26.5,27.6,33.4,21.9,29.840000000000003,34.4,25.7
31.3,37.5,25.0,2025-04-29,29.4,32.8,26.3,30.6,33.3,28.0,26.2,32.0,23.6,28.1,34.2,22.0,29.120000000000005,33.96,24.98
31.5,36.8,26.2,2025-04-30,29.6,33.0,26.3,31.3,35.5,28.0,26.3,31.3,23.4,28.6,34.7,22.4,29.46,34.260000000000005,25.26
31.8,37.5,25.9,2025-05-01,29.8,33.3,26.0,31.6,36.8,28.0,26.5,31.7,23.3,28.3,34.5,23.1,29.6,34.76,25.26
26.2,28.5,21.7,2025-05-02,30.0,34.5,26.0,31.5,35.6,28.9,26.6,30.9,22.2,27.1,33.7,21.8,28.28,32.64,24.119999999999997
28.3,35.3,24.0,2025-05-03,29.8,33.2,25.7,32.0,37.5,28.2,27.6,32.8,24.4,26.5,34.5,21.2,28.839999999999996,34.660000000000004,24.700000000000003
29.9,34.8,24.4,2025-05-04,30.0,32.9,26.7,31.8,38.1,28.9,27.2,31.4,24.6,27.2,33.7,21.3,29.22,34.17999999999999,25.18
28.5,35.6,24.1,2025-05-05,30.2,33.5,27.8,30.3,34.5,26.7,29.2,34.2,24.6,28.1,35.3,21.8,29.26,34.620000000000005,25.000000000000004
27.3,34.4,22.2,2025-05-06,28.7,32.8,23.3,31.3,37.5,27.4,28.8,34.5,26.2,27.4,34.0,21.0,28.7,34.64,24.020000000000003
27.8,33.2,23.6,2025-05-07,27.9,32.3,25.4,31.4,36.2,27.9,29.9,35.3,24.9,27.5,33.5,20.8,28.9,34.1,24.520000000000003
28.3,32.3,23.9,2025-05-08,26.6,29.4,22.7,31.0,36.9,26.5,32.0,38.2,27.4,27.1,32.8,21.8,29.0,33.92,24.46
30.7,37.0,25.0,2025-05-09,27.1,28.5,25.0,30.9,36.5,26.2,33.0,39.1,27.5,26.8,32.3,20.8,29.7,34.67999999999999,24.9
30.9,37.1,26.5,2025-05-10,28.0,30.9,24.5,31.6,37.0,27.0,33.6,39.6,28.2,26.9,31.5,21.5,30.2,35.22,25.54
31.7,38.2,25.1,2025-05-11,29.1,32.5,25.8,32.0,36.8,28.5,34.3,40.2,29.0,26.0,32.0,21.0,30.619999999999997,35.94,25.880000000000003
33.0,39.5,25.5,2025-05-12,30.3,33.6,27.1,32.6,39.0,28.0,33.6,40.0,29.5,25.6,31.2,20.9,31.02,36.66,26.2
34.7,41.3,28.1,2025-05-13,30.5,33.8,27.6,32.9,38.6,28.9,32.5,38.2,29.4,25.1,33.5,20.7,31.139999999999997,37.08,26.939999999999998
35.3,41.2,28.5,2025-05-14,29.9,33.2,24.7,32.2,36.9,28.5,32.8,37.8,28.9,26.2,32.4,20.8,31.279999999999994,36.300000000000004,26.28
36.2,41.8,29.6,2025-05-15,30.5,33.2,27.8,32.1,36.5,28.6,32.2,38.0,29.3,25.8,33.1,21.0,31.360000000000003,36.519999999999996,27.26
35.8,42.7,28.8,2025-05-16,31.0,33.8,28.9,31.6,36.2,27.2,32.0,36.8,29.0,25.3,30.9,21.3,31.140000000000004,36.08,27.040000000000003
35.7,42.8,29.2,2025-05-17,30.6,32.5,28.5,29.5,33.3,25.7,31.7,36.9,28.5,23.6,29.4,21.0,30.220000000000006,34.980000000000004,26.580000000000002
35.2,42.1,29.5,2025-05-18,31.2,34.4,28.7,29.4,33.3,25.9,30.0,33.9,28.2,24.0,29.1,20.5,29.96,34.559999999999995,26.560000000000002
34.5,42.0,28.1,2025-05-19,30.3,32.3,28.4,27.6,31.5,24.9,30.9,36.9,25.7,23.2,28.2,21.1,29.3,34.17999999999999,25.640000000000004
34.9,42.5,28.0,2025-05-20,30.2,34.3,28.3,28.1,31.5,26.3,31.1,36.1,26.8,22.7,27.4,20.8,29.399999999999995,34.36,26.04
34.8,43.0,29.8,2025-05-21,29.0,31.5,26.5,29.6,33.9,26.2,31.6,36.9,27.4,22.8,26.5,20.5,29.560000000000002,34.36,26.080000000000002
31.4,37.0,25.0,2025-05-22,28.5,31.8,25.8,30.0,34.0,26.5,29.5,33.2,26.2,23.6,28.6,19.3,28.6,32.92,24.56
32.3,38.2,26.4,2025-05-23,28.7,32.5,26.2,30.4,35.2,26.9,28.3,32.9,26.8,23.6,28.0,20.5,28.660000000000004,33.36,25.36
33.4,37.7,28.5,2025-05-24,28.8,32.1,25.6,31.3,35.9,27.4,29.1,33.5,25.8,22.7,25.5,20.8,29.059999999999995,32.940000000000005,25.619999999999997
28.4,31.1,23.0,2025-05-25,26.5,28.5,23.9,31.7,36.9,27.4,28.6,31.5,26.1,22.7,26.9,20.2,27.579999999999995,30.98,24.12
29.8,35.7,24.1,2025-05-26,26.2,27.8,25.0,30.5,34.0,27.7,27.9,31.0,26.2,21.6,25.5,20.1,27.2,30.8,24.619999999999997
31.2,36.0,26.2,2025-05-27,27.3,29.8,25.6,31.7,36.3,28.1,28.1,30.5,26.1,22.8,26.2,20.4,28.220000000000006,31.759999999999998,25.28
33.2,39.5,27.4,2025-05-28,26.9,27.8,25.9,31.5,37.4,29.2,28.1,30.7,26.5,23.1,26.4,20.9,28.559999999999995,32.36,25.98
33.6,40.0,27.5,2025-05-29,28.9,31.4,26.5,32.2,37.8,28.9,27.1,30.1,25.5,22.4,26.0,20.6,28.840000000000003,33.06,25.8
31.6,36.1,27.0,2025-05-30,29.6,31.5,28.2,30.1,36.0,27.8,29.3,33.5,26.0,22.1,24.1,20.5,28.540000000000003,32.239999999999995,25.9
31.9,39.7,26.1,2025-05-31,29.2,31.0,27.5,30.5,36.2,27.7,28.9,32.0,25.9,24.2,29.5,21.0,28.939999999999998,33.68,25.639999999999997
31.0,37.3,26.4,2025-06-01,27.3,29.2,25.7,30.9,37.3,27.0,28.7,31.5,27.0,24.2,29.5,19.7,28.419999999999998,32.96,25.16
30.9,37.0,24.1,2025-06-02,27.8,30.6,25.6,31.1,36.2,27.6,30.8,36.4,27.7,23.7,28.9,19.5,28.860000000000003,33.82,24.900000000000002
30.2,34.6,25.8,2025-06-03,27.4,30.1,25.4,32.1,38.2,28.1,30.7,35.7,27.5,23.6,28.8,19.9,28.8,33.480000000000004,25.340000000000003
28.8,36.4,24.5,2025-06-04,27.0,29.2,24.2,31.8,37.8,28.6,29.7,34.5,27.5,24.3,29.3,19.4,28.32,33.44,24.840000000000003
30.9,37.2,24.4,2025-06-05,27.8,30.2,24.7,32.0,37.3,28.0,29.0,32.7,27.1,24.6,30.2,19.4,28.860000000000003,33.519999999999996,24.72
32.7,37.8,25.9,2025-06-06,28.3,30.2,26.5,32.2,37.8,28.4,29.2,33.3,25.6,25.8,31.5,20.0,29.640000000000004,34.12,25.28
34.7,41.2,28.0,2025-06-07,27.7,29.6,25.2,32.8,38.0,28.6,30.2,34.6,26.0,25.6,30.9,20.1,30.2,34.86,25.580000000000002
36.6,42.8,29.5,2025-06-08,28.4,30.2,26.4,32.2,38.0,28.8,30.8,34.8,27.4,25.6,31.8,20.2,30.72,35.52,26.459999999999997
37.5,43.7,30.0,2025-06-09,29.0,30.8,27.2,30.8,37.2,27.9,31.4,34.9,27.8,23.8,28.8,20.3,30.5,35.08,26.639999999999997
37.4,43.0,30.0,2025-06-10,28.8,30.5,27.1,30.7,37.0,27.4,31.8,36.8,27.6,23.8,29.8,20.0,30.500000000000007,35.42,26.419999999999998
37.1,43.5,30.1,2025-06-11,29.7,31.8,27.8,29.6,36.0,25.7,31.1,35.6,28.2,23.3,27.8,20.4,30.160000000000004,34.940000000000005,26.440000000000005
36.8,43.1,31.1,2025-06-12,30.0,31.5,28.6,29.8,35.9,25.5,31.6,37.1,27.4,22.9,27.6,20.2,30.22,35.04,26.559999999999995
36.0,41.1,31.3,2025-06-13,28.3,30.5,25.4,30.6,35.7,26.9,31.5,36.3,28.2,22.6,26.1,20.4,29.8,33.94,26.439999999999998
36.2,42.8,30.5,2025-06-14,27.5,30.5,25.4,30.5,35.3,27.5,31.5,36.0,28.4,22.5,27.0,20.0,29.639999999999997,34.32,26.360000000000003
33.8,37.9,29.6,2025-06-15,26.7,29.6,25.2,30.4,34.5,27.4,28.9,31.6,27.5,21.9,24.2,20.5,28.340000000000003,31.559999999999995,26.04
29.4,32.0,24.8,2025-06-16,26.2,27.1,25.7,31.2,34.6,26.8,28.4,32.0,26.8,22.3,25.9,20.1,27.5,30.32,24.839999999999996
29.1,33.7,25.1,2025-06-17,27.5,29.5,25.7,32.2,37.1,27.9,27.0,29.1,25.5,22.3,26.2,20.0,27.620000000000005,31.119999999999997,24.839999999999996
28.9,33.2,24.0,2025-06-18,27.0,28.4,25.9,32.3,37.5,28.2,26.9,28.9,25.6,23.2,27.7,19.9,27.659999999999997,31.139999999999997,24.72
29.7,32.7,27.0,2025-06-19,26.4,28.4,24.4,32.2,37.3,29.0,27.3,30.9,24.2,23.7,28.7,20.0,27.859999999999996,31.6,24.92
28.7,31.6,25.5,2025-06-20,27.6,29.5,26.0,32.5,38.8,28.0,28.9,32.6,26.3,23.4,28.7,19.8,28.22,32.239999999999995,25.119999999999997
30.4,34.7,26.2,2025-06-21,27.6,30.0,24.9,31.9,37.8,28.0,29.9,33.9,26.4,23.5,28.1,19.6,28.660000000000004,32.9,25.02
31.0,34.0,28.0,2025-06-22,27.4,29.1,25.7,31.0,37.0,27.8,28.6,32.0,26.3,23.0,29.0,20.1,28.2,32.22,25.580000000000002
31.5,35.7,27.8,2025-06-23,26.8,28.3,25.5,30.2,34.0,27.4,28.4,31.7,26.1,22.8,26.9,19.9,27.940000000000005,31.32,25.339999999999996
31.2,36.1,27.2,2025-06-24,27.0,29.1,25.4,31.8,36.8,27.9,29.1,32.4,26.5,23.3,27.0,20.5,28.48,32.28,25.5
29.1,32.1,26.5,2025-06-25,28.1,30.0,26.4,31.3,35.8,28.4,28.5,31.5,26.7,22.9,27.4,20.1,27.98,31.360000000000003,25.619999999999997
30.6,34.5,26.0,2025-06-26,26.7,28.6,25.2,31.3,36.0,28.2,28.6,32.2,25.9,23.3,28.0,20.6,28.1,31.860000000000003,25.18
30.7,33.7,27.6,2025-06-27,27.2,28.8,24.9,32.2,37.5,28.1,27.9,31.5,25.6,23.0,27.9,19.5,28.2,31.880000000000003,25.139999999999997
30.8,35.8,25.6,2025-06-28,27.3,29.4,25.6,32.0,37.3,28.9,27.6,30.2,25.1,23.3,29.4,20.4,28.2,32.42,25.119999999999997
29.5,33.3,26.1,2025-06-29,27.3,28.9,25.7,32.6,39.7,29.0,27.6,30.6,25.6,23.7,29.3,20.0,28.139999999999997,32.36,25.28
27.8,31.7,25.4,2025-06-30,26.9,29.1,24.8,31.8,37.9,29.1,27.9,31.0,25.1,23.7,29.4,19.1,27.619999999999997,31.82,24.7
28.7,33.2,25.0,2025-07-01,26.8,28.8,24.5,31.1,37.2,27.6,28.1,30.6,25.6,23.7,28.5,20.1,27.679999999999996,31.660000000000004,24.559999999999995
29.9,33.2,26.9,2025-07-02,26.5,28.7,25.0,30.5,36.9,27.1,28.1,32.3,25.9,22.8,28.4,20.0,27.560000000000002,31.900000000000006,24.98
30.1,33.5,26.5,2025-07-03,26.4,28.2,24.8,29.9,33.0,27.1,28.1,31.1,26.0,22.0,25.2,19.7,27.3,30.2,24.82
30.3,34.2,26.6,2025-07-04,26.7,28.0,25.5,31.9,38.2,27.1,27.7,31.3,25.8,23.5,28.0,20.0,28.020000000000003,31.940000000000005,25.0
30.9,35.2,26.5,2025-07-05,26.6,27.5,25.8,32.0,37.2,28.3,27.8,31.4,25.8,23.2,28.3,20.4,28.1,31.920000000000005,25.359999999999996
31.0,35.7,26.7,2025-07-06,26.4,27.5,25.5,32.3,37.8,28.6,27.1,30.4,24.9,23.1,27.3,20.1,27.979999999999997,31.740000000000002,25.160000000000004
29.0,33.2,25.9,2025-07-07,27.0,28.5,25.5,33.5,38.3,29.6,26.7,28.9,25.4,23.7,28.0,20.3,27.98,31.380000000000003,25.34
30.9,34.0,27.0,2025-07-08,27.5,28.6,26.4,32.6,40.0,27.9,26.1,28.0,24.5,24.3,30.1,19.9,28.28,32.14,25.139999999999997
29.2,31.6,27.0,2025-07-09,26.7,27.5,25.6,31.8,37.5,27.4,26.9,30.4,25.0,23.8,29.0,19.6,27.68,31.2,24.919999999999998
27.5,29.6,25.5,2025-07-10,27.0,29.0,24.8,31.4,36.5,27.9,27.8,31.5,24.9,23.5,29.5,20.0,27.439999999999998,31.22,24.619999999999997
28.4,31.5,25.5,2025-07-11,26.7,28.0,25.0,31.8,37.5,28.5,28.5,31.6,25.9,23.0,28.6,19.9,27.679999999999996,31.439999999999998,24.96
29.3,33.5,26.5,2025-07-12,27.1,29.3,25.1,30.5,37.7,26.1,29.0,32.7,25.8,23.3,27.8,20.0,27.840000000000003,32.2,24.7
28.2,32.5,26.2,2025-07-13,26.7,28.5,25.4,29.8,35.0,27.1,28.7,31.0,26.8,23.0,28.2,19.6,27.28,31.04,25.02
28.0,30.5,25.8,2025-07-14,26.1,27.5,24.6,29.9,35.5,26.1,26.3,27.6,25.4,22.6,26.5,19.6,26.580000000000002,29.52,24.3
28.0,32.2,25.5,2025-07-15,26.5,27.6,25.1,30.8,37.2,26.5,27.5,30.8,25.3,22.9,27.0,20.2,27.139999999999997,30.96,24.52
28.7,32.3,25.2,2025-07-16,27.3,29.1,25.5,30.8,36.8,26.0,28.5,32.0,26.4,22.5,28.0,19.6,27.560000000000002,31.639999999999997,24.54
28.5,31.0,26.8,2025-07-17,27.4,29.3,25.5,29.0,34.5,25.5,29.5,32.7,26.8,22.1,27.5,20.0,27.3,31.0,24.919999999999998
28.5,31.6,26.4,2025-07-18,27.6,29.5,25.5,28.4,31.5,25.6,29.0,33.0,27.0,22.6,27.5,19.7,27.22,30.619999999999997,24.84
29.0,32.2,25.8,2025-07-19,27.0,28.3,24.9,27.6,31.1,25.0,29.9,33.3,27.2,21.7,26.1,19.8,27.04,30.2,24.54
30.1,34.2,26.1,2025-07-20,26.3,28.0,24.9,29.0,32.5,26.6,29.8,33.2,27.5,22.0,26.5,19.5,27.439999999999998,30.880000000000003,24.919999999999998
28.9,31.5,26.5,2025-07-21,26.4,28.0,25.5,27.7,30.0,26.0,29.3,33.2,27.6,21.5,26.6,19.5,26.76,29.860000000000003,25.02
30.1,34.8,26.0,2025-07-22,26.5,28.0,25.2,28.8,32.0,26.2,30.0,33.7,27.1,21.8,25.2,19.8,27.440000000000005,30.74,24.86
29.8,33.2,27.0,2025-07-23,26.3,28.0,24.7,27.6,29.5,25.5,30.9,34.3,27.5,22.0,25.5,19.8,27.32,30.1,24.9
30.7,35.5,25.4,2025-07-24,26.1,27.4,24.9,27.7,31.3,24.9,29.9,33.0,27.1,21.6,25.0,19.9,27.2,30.439999999999998,24.439999999999998
31.8,36.3,26.5,2025-07-25,26.3,27.1,25.6,28.5,31.8,26.1,27.8,30.8,26.0,22.0,25.6,19.8,27.279999999999994,30.32,24.8
31.0,35.3,26.9,2025-07-26,26.4,28.0,25.5,29.5,34.2,25.6,28.3,30.9,26.1,22.1,26.1,20.2,27.46,30.9,24.86
32.1,36.2,28.8,2025-07-27,26.8,28.1,25.2,29.6,34.8,26.3,29.2,32.8,26.5,22.2,25.8,19.8,27.98,31.540000000000003,25.32
32.1,36.5,28.1,2025-07-28,26.7,28.3,25.6,30.7,35.8,25.6,28.3,30.6,27.1,22.5,26.5,18.9,28.060000000000002,31.54,25.060000000000002
29.2,32.8,27.2,2025-07-29,26.5,27.5,25.6,31.7,37.3,26.9,27.5,29.0,25.6,22.5,27.1,18.8,27.48,30.74,24.819999999999997
27.9,31.5,26.1,2025-07-30,26.5,27.2,25.6,31.3,37.3,27.4,27.2,29.6,25.2,23.1,27.9,19.2,27.2,30.7,24.7
27.7,31.5,25.3,2025-07-31,26.8,27.6,25.9,30.7,36.2,27.5,27.3,30.0,25.0,22.9,27.0,19.4,27.080000000000002,30.46,24.619999999999997
28.3,32.0,25.5,2025-08-01,27.0,28.4,25.5,30.5,35.1,26.7,28.7,32.0,25.6,23.2,28.1,19.4,27.54,31.119999999999997,24.540000000000003
29.1,32.4,26.0,2025-08-02,26.5,28.3,25.1,30.5,35.8,25.8,28.9,32.2,26.2,23.5,28.5,19.5,27.7,31.439999999999998,24.520000000000003
29.7,33.0,26.8,2025-08-03,26.5,28.1,24.9,29.8,34.8,26.2,29.0,32.4,26.9,22.7,28.5,19.5,27.54,31.360000000000003,24.860000000000003
28.6,31.0,26.1,2025-08-04,26.9,28.6,25.0,29.0,33.3,25.6,28.9,31.8,26.1,23.3,28.8,19.6,27.340000000000003,30.7,24.48
27.9,30.0,26.9,2025-08-05,27.0,28.9,25.0,28.8,32.9,25.5,28.4,32.4,26.3,22.7,27.1,20.1,26.959999999999997,30.259999999999998,24.76
28.7,32.0,26.2,2025-08-06,27.2,29.2,25.1,29.4,33.7,25.4,27.4,30.1,25.1,23.2,27.9,19.6,27.179999999999996,30.580000000000002,24.279999999999994
29.9,33.9,26.0,2025-08-07,26.9,27.9,25.8,28.7,33.0,25.2,27.5,31.8,25.5,23.5,28.0,19.9,27.3,30.919999999999998,24.48
29.9,33.0,26.4,2025-08-08,26.8,28.1,25.8,27.6,31.4,24.6,27.4,30.8,24.5,22.6,27.2,20.2,26.860000000000003,30.1,24.300000000000004
27.8,30.5,26.1,2025-08-09,26.7,28.5,24.8,27.8,31.0,24.1,27.9,31.8,25.1,22.3,26.5,20.0,26.5,29.660000000000004,24.02
28.9,32.1,25.9,2025-08-10,26.5,28.1,25.0,27.9,33.5,24.8,29.6,32.9,26.6,22.0,26.5,19.9,26.98,30.619999999999997,24.440000000000005
29.8,33.8,26.5,2025-08-11,26.6,28.2,25.0,28.2,33.1,24.8,29.3,32.7,27.0,21.7,25.0,19.2,27.119999999999997,30.560000000000002,24.5
29.2,33.2,26.3,2025-08-12,26.6,28.6,24.9,27.0,30.1,24.0,29.8,33.6,27.2,21.6,25.5,19.1,26.839999999999996,30.2,24.3
30.3,33.3,26.9,2025-08-13,26.1,28.2,25.0,26.9,29.0,24.7,28.2,31.2,27.0,20.5,23.2,19.1,26.4,28.98,24.54
27.8,29.5,26.3,2025-08-14,25.9,27.2,25.1,28.2,32.8,25.2,27.8,30.5,25.5,21.1,24.7,18.9,26.160000000000004,28.939999999999998,24.2
28.4,31.6,25.2,2025-08-15,26.1,27.2,25.1,28.5,32.7,26.0,28.1,31.6,25.1,21.5,26.0,19.0,26.52,29.82,24.080000000000002
28.6,31.1,26.4,2025-08-16,25.4,26.5,24.7,27.7,30.6,25.7,28.8,32.2,26.4,22.0,26.7,19.7,26.5,29.419999999999998,24.58
29.0,32.0,27.3,2025-08-17,26.2,28.0,25.1,26.8,29.5,25.2,28.9,32.0,26.9,21.3,25.5,19.7,26.440000000000005,29.4,24.84
29.2,31.8,27.1,2025-08-18,25.4,26.0,25.1,27.1,30.3,25.1,28.2,31.7,26.2,20.7,22.6,19.3,26.119999999999997,28.48,24.560000000000002
29.2,31.9,26.6,2025-08-19,25.5,26.2,25.0,27.9,31.1,25.1,27.7,30.0,25.7,21.7,25.1,19.0,26.4,28.859999999999996,24.28
29.3,32.7,26.8,2025-08-20,25.6,26.5,24.8,29.0,33.8,25.4,27.8,30.0,25.6,22.4,27.2,19.0,26.82,30.04,24.32
29.7,33.5,25.6,2025-08-21,26.6,28.0,25.2,29.6,33.8,26.0,26.7,29.1,24.9,22.5,26.9,18.2,27.020000000000003,30.26,23.979999999999997
30.3,34.2,25.2,2025-08-22,26.9,28.2,25.5,29.2,33.9,25.2,26.6,30.0,24.7,22.5,27.0,19.2,27.1,30.660000000000004,23.96
28.3,32.6,25.6,2025-08-23,26.6,28.3,24.6,27.0,30.2,24.4,26.5,28.5,24.6,22.8,27.3,19.6,26.240000000000002,29.380000000000003,23.759999999999998
27.6,31.1,25.6,2025-08-24,26.7,28.5,25.4,29.2,34.0,25.5,27.5,30.5,25.0,23.1,28.0,18.8,26.82,30.419999999999998,24.06
26.6,29.0,24.4,2025-08-25,25.5,26.8,24.6,29.6,34.5,26.4,28.1,31.8,24.9,22.8,27.1,17.8,26.520000000000003,29.839999999999996,23.62
27.2,29.9,25.0,2025-08-26,26.4,27.8,24.9,30.2,34.2,25.9,28.7,32.0,26.1,22.6,28.4,18.5,27.02,30.46,24.080000000000002
28.4,32.5,25.1,2025-08-27,26.5,28.4,25.0,28.9,33.8,25.5,28.2,31.8,26.0,21.8,26.6,19.3,26.76,30.619999999999997,24.18
28.6,32.4,25.3,2025-08-28,26.5,28.3,25.1,28.9,34.5,25.9,27.9,31.1,25.8,21.6,25.8,19.5,26.7,30.420000000000005,24.32
27.9,31.2,25.0,2025-08-29,26.4,28.0,25.4,30.2,34.8,26.5,27.4,30.2,25.8,22.2,25.4,19.5,26.82,29.919999999999998,24.44
28.4,31.8,26.0,2025-08-30,26.5,28.4,25.0,30.8,36.8,26.5,27.6,30.2,25.7,22.8,27.8,19.6,27.220000000000006,31.0,24.560000000000002
26.7,30.0,24.5,2025-08-31,26.4,27.6,25.0,29.0,34.6,25.7,28.9,32.3,25.8,22.3,26.9,19.5,26.660000000000004,30.28,24.1
25.4,29.2,24.0,2025-09-01,26.4,27.8,25.1,27.9,31.4,25.0,29.6,33.8,25.8,22.5,26.6,19.8,26.359999999999996,29.76,23.939999999999998
25.0,27.0,23.8,2025-09-02,26.6,28.2,24.9,29.9,36.0,25.6,27.5,30.2,25.7,22.0,27.1,18.8,26.2,29.7,23.76
26.2,29.4,24.0,2025-09-03,26.8,28.7,24.7,29.0,35.8,26.0,27.1,29.2,25.5,21.6,25.5,19.5,26.139999999999997,29.72,23.94
27.1,31.4,24.2,2025-09-04,25.6,26.1,24.8,30.3,35.9,24.5,27.7,30.5,25.6,22.3,26.0,19.2,26.6,29.98,23.66
27.6,31.0,25.2,2025-09-05,25.9,27.4,24.9,30.9,36.8,27.0,28.2,32.3,25.4,22.8,26.8,19.0,27.080000000000002,30.859999999999996,24.3
27.7,31.2,24.5,2025-09-06,25.7,26.5,24.8,30.2,34.4,26.4,29.0,32.5,26.0,22.5,27.0,19.4,27.02,30.32,24.22
28.0,31.9,24.8,2025-09-07,26.2,28.1,24.7,30.5,35.3,27.4,29.2,33.0,26.2,23.1,27.7,19.6,27.4,31.2,24.540000000000003
28.6,32.0,25.1,2025-09-08,26.1,27.8,24.2,30.2,35.1,26.1,29.4,32.9,26.0,23.4,28.0,18.8,27.540000000000003,31.160000000000004,24.04
29.0,32.3,25.8,2025-09-09,26.4,28.9,24.1,30.7,35.2,26.0,29.8,33.7,26.2,23.6,28.1,19.0,27.9,31.640000000000004,24.220000000000002
29.2,33.2,25.5,2025-09-10,26.7,29.5,24.5,30.6,36.2,26.5,30.5,34.7,26.8,23.1,27.5,19.5,28.02,32.220000000000006,24.56
28.9,32.8,24.7,2025-09-11,26.6,28.9,24.2,29.1,33.2,25.5,29.6,34.5,27.0,22.4,26.2,19.2,27.32,31.119999999999997,24.12
29.4,33.5,24.6,2025-09-12,26.9,29.3,24.8,29.2,34.2,26.8,28.5,33.0,25.5,23.1,27.2,19.6,27.419999999999998,31.439999999999998,24.26
30.8,35.2,26.2,2025-09-13,26.5,28.6,25.0,28.8,32.8,26.4,28.1,30.5,26.5,23.3,28.0,18.9,27.5,31.02,24.6
31.9,36.5,27.0,2025-09-14,26.5,29.0,24.8,28.1,31.7,23.8,27.9,31.6,26.5,23.1,27.8,18.8,27.5,31.320000000000004,24.18
32.3,36.4,27.3,2025-09-15,25.9,27.1,24.9,29.3,33.8,26.1,26.5,29.2,24.6,23.2,28.4,19.1,27.439999999999998,30.98,24.4
31.7,36.8,27.2,2025-09-16,26.1,27.8,25.2,27.8,32.2,24.8,26.9,30.1,24.3,22.4,27.5,19.8,26.98,30.880000000000003,24.259999999999998
31.2,36.4,26.7,2025-09-17,26.3,28.2,24.6,27.8,31.2,24.6,27.7,31.0,25.5,22.1,25.6,19.7,27.02,30.48,24.220000000000002
30.2,34.9,25.0,2025-09-18,26.1,27.8,24.6,27.9,32.3,25.4,28.9,32.3,26.7,22.2,27.2,19.8,27.059999999999995,30.9,24.3
31.1,35.5,26.8,2025-09-19,26.1,28.2,24.6,27.4,30.4,25.1,28.6,31.0,26.5,21.3,24.3,19.2,26.9,29.880000000000003,24.44
31.5,36.2,26.8,2025-09-20,26.4,29.0,24.6,27.6,31.1,24.6,28.9,32.5,26.7,21.8,26.7,19.2,27.240000000000002,31.1,24.380000000000003
31.2,36.3,25.4,2025-09-21,26.2,28.6,24.8,27.9,31.2,25.5,28.8,32.5,25.9,22.4,27.0,18.9,27.3,31.120000000000005,24.1
31.6,36.8,26.1,2025-09-22,25.8,28.3,24.0,28.3,32.3,25.4,27.7,29.9,25.9,22.5,27.0,19.1,27.18,30.859999999999996,24.1
31.5,36.7,26.1,2025-09-23,26.3,28.7,24.5,28.2,32.0,24.9,27.0,30.3,24.9,21.9,25.3,19.8,26.98,30.6,24.04
31.0,36.0,25.8,2025-09-24,26.8,28.6,25.0,29.0,32.8,25.8,27.8,31.2,25.4,21.8,25.4,18.9,27.28,30.8,24.18
31.1,36.2,25.9,2025-09-25,26.2,28.1,24.2,29.0,33.8,25.8,28.6,33.5,25.8,22.1,27.1,18.9,27.4,31.740000000000002,24.119999999999997
31.6,37.0,25.8,2025-09-26,26.6,29.1,24.2,28.6,33.2,25.4,28.1,31.6,25.8,22.4,26.9,18.8,27.46,31.560000000000002,24.0
32.6,38.7,27.1,2025-09-27,26.2,28.2,24.5,28.8,33.8,25.5,27.9,30.0,26.1,22.2,26.5,19.4,27.54,31.439999999999998,24.52
32.3,36.5,28.3,2025-09-28,25.8,26.5,25.4,29.3,33.7,24.7,28.1,32.2,25.8,22.9,28.0,19.2,27.68,31.380000000000003,24.68
32.0,36.2,27.8,2025-09-29,26.5,28.3,25.2,28.7,33.2,24.9,29.4,32.5,26.0,23.0,28.3,19.5,27.919999999999998,31.7,24.68
30.6,34.8,24.4,2025-09-30,25.5,27.5,24.0,28.2,31.0,26.0,29.2,32.7,26.4,23.0,28.1,17.9,27.3,30.82,23.740000000000002
28.3,33.5,24.5,2025-10-01,25.7,28.5,24.0,28.6,31.9,25.8,28.7,32.4,25.3,23.6,29.2,19.4,26.98,31.1,23.8
28.4,32.4,24.4,2025-10-02,25.9,27.9,24.2,29.2,32.8,25.8,26.4,27.9,24.5,23.3,28.0,19.9,26.640000000000004,29.8,23.759999999999998
29.1,33.5,25.0,2025-10-03,26.5,28.6,24.6,28.6,33.0,25.6,27.4,30.3,25.3,23.6,29.5,19.4,27.04,30.979999999999997,23.98
30.3,34.6,26.3,2025-10-04,26.7,28.8,24.6,27.6,31.5,24.4,28.1,31.7,25.7,22.6,26.3,20.6,27.059999999999995,30.580000000000002,24.320000000000004
29.2,33.9,23.6,2025-10-05,26.3,28.1,24.3,28.3,33.0,25.2,26.9,30.2,25.0,23.1,28.5,18.3,26.759999999999998,30.74,23.28
24.0,29.1,22.2,2025-10-06,26.1,28.4,24.5,27.7,32.7,24.8,26.9,29.5,24.9,23.0,27.1,19.5,25.54,29.360000000000003,23.18
23.4,28.5,20.6,2025-10-07,26.1,28.9,24.1,28.1,31.4,25.8,27.9,31.2,25.5,23.8,28.7,18.9,25.860000000000003,29.74,22.98
22.7,25.7,20.4,2025-10-08,26.8,29.4,24.5,28.6,31.6,26.0,27.2,30.9,25.3,23.4,27.8,20.5,25.74,29.080000000000002,23.34
23.8,28.2,20.5,2025-10-09,27.7,31.6,24.6,28.0,31.5,24.1,27.7,31.6,25.5,22.6,27.5,19.1,25.96,30.080000000000002,22.76
23.5,28.5,19.4,2025-10-10,28.0,33.0,24.0,27.7,30.4,25.0,27.4,31.6,25.0,22.6,27.0,18.9,25.839999999999996,30.1,22.46
23.9,29.0,19.2,2025-10-11,28.5,33.8,24.5,28.0,31.1,25.5,27.4,30.6,24.2,22.7,27.0,19.3,26.1,30.3,22.54
25.2,30.6,20.5,2025-10-12,29.0,34.8,24.5,28.1,30.7,25.4,27.8,31.4,24.8,23.1,27.8,18.8,26.640000000000004,31.060000000000002,22.8
25.8,31.7,20.4,2025-10-13,29.2,34.5,24.5,28.1,31.8,25.5,27.6,31.0,24.2,23.1,27.8,18.9,26.759999999999998,31.360000000000003,22.7
26.4,32.0,21.1,2025-10-14,29.2,35.2,24.1,27.9,30.9,25.1,27.8,31.9,24.4,23.3,28.0,19.8,26.919999999999998,31.6,22.900000000000002
26.7,31.9,21.1,2025-10-15,29.2,34.9,24.5,26.1,28.1,24.5,28.2,32.8,24.2,22.5,26.6,20.2,26.54,30.860000000000003,22.9
26.1,31.6,20.1,2025-10-16,29.5,35.0,26.3,26.5,29.1,24.2,28.1,32.8,23.6,22.6,27.1,20.4,26.559999999999995,31.119999999999997,22.920000000000005
26.5,32.2,20.4,2025-10-17,30.6,36.0,26.0,26.2,28.2,24.9,29.1,34.2,23.8,22.2,26.3,19.6,26.919999999999998,31.380000000000006,22.939999999999998
27.2,33.2,21.6,2025-10-18,30.5,35.7,26.6,26.0,27.4,24.6,29.5,34.3,26.0,22.0,27.3,20.0,27.04,31.580000000000005,23.76
27.9,33.6,23.0,2025-10-19,30.3,35.2,26.4,26.6,28.7,24.2,30.5,35.2,24.5,22.4,27.3,19.0,27.540000000000003,32.00000000000001,23.419999999999998
28.1,33.1,22.8,2025-10-20,30.2,35.0,26.0,26.0,28.2,24.0,30.4,35.5,26.0,22.4,27.0,20.0,27.419999999999998,31.76,23.759999999999998
26.9,30.4,22.7,2025-10-21,29.6,34.3,26.1,25.6,26.6,24.5,29.7,34.7,25.5,21.5,25.4,20.0,26.660000000000004,30.279999999999994,23.759999999999998
27.6,32.0,23.5,2025-10-22,29.2,33.9,26.0,26.9,29.0,25.2,28.9,33.8,24.8,21.6,24.5,20.2,26.839999999999996,30.639999999999997,23.94
26.6,31.8,21.1,2025-10-23,29.9,34.5,26.4,26.9,29.8,24.4,29.3,33.9,24.7,22.3,25.7,19.8,27.0,31.139999999999997,23.28
25.9,32.2,20.1,2025-10-24,29.5,33.0,27.0,25.8,27.2,24.6,29.9,34.5,25.2,22.0,25.1,19.4,26.619999999999997,30.4,23.26
25.7,31.7,19.6,2025-10-25,27.1,30.1,25.2,26.3,28.2,24.3,29.5,34.2,25.2,22.8,26.6,19.5,26.28,30.160000000000004,22.759999999999998
25.5,31.5,18.9,2025-10-26,25.2,26.8,24.0,26.8,29.9,25.2,29.7,34.5,26.0,23.1,27.6,19.9,26.060000000000002,30.059999999999995,22.8
24.2,30.2,20.2,2025-10-27,26.0,30.4,23.7,24.9,26.4,22.9,30.3,34.8,25.9,21.4,23.9,19.4,25.359999999999996,29.139999999999997,22.419999999999998
23.3,26.6,21.2,2025-10-28,27.5,31.7,25.3,24.2,25.9,22.7,29.7,34.0,27.0,21.4,24.0,19.9,25.22,28.439999999999998,23.22
24.8,29.2,20.2,2025-10-29,27.4,30.9,25.9,27.8,32.3,24.5,26.5,28.5,25.0,22.2,26.8,19.4,25.74,29.54,23.0
24.5,27.3,22.5,2025-10-30,26.4,28.6,24.6,28.3,32.8,25.2,26.8,30.1,24.5,22.1,26.9,18.2,25.619999999999997,29.140000000000004,23.0
25.3,30.3,21.4,2025-10-31,26.6,29.1,24.4,28.6,33.2,25.4,28.0,31.6,25.4,22.4,27.2,18.0,26.18,30.28,22.919999999999998
25.1,30.9,20.8,2025-11-01,26.5,28.4,25.0,28.5,31.9,25.6,27.2,30.6,25.5,22.9,28.4,17.9,26.04,30.04,22.96
23.7,29.4,19.2,2025-11-02,26.2,27.6,25.1,28.3,32.0,25.2,26.1,28.5,24.0,23.0,27.8,17.6,25.46,29.060000000000002,22.22
23.5,30.5,17.9,2025-11-03,26.1,28.6,23.9,27.9,32.5,25.4,25.7,29.9,22.9,23.3,28.0,18.5,25.3,29.9,21.72
23.4,28.6,18.9,2025-11-04,25.8,28.1,24.4,27.8,31.9,24.1,25.0,29.9,20.8,22.4,27.0,18.5,24.880000000000003,29.1,21.34
23.9,29.5,18.9,2025-11-05,25.7,28.5,23.4,27.5,31.2,24.1,25.4,30.0,21.8,22.7,27.4,19.5,25.04,29.32,21.54
20.7,26.0,15.8,2025-11-06,25.7,29.1,22.9,27.0,29.9,24.5,26.4,30.2,22.0,22.0,26.5,19.1,24.360000000000003,28.339999999999996,20.860000000000003
20.3,27.2,14.8,2025-11-07,26.7,31.4,23.8,27.8,31.0,25.6,26.7,30.8,23.1,22.7,27.5,18.7,24.84,29.579999999999995,21.200000000000003
20.0,26.8,13.9,2025-11-08,27.2,33.3,22.5,27.9,31.9,24.6,25.3,30.5,21.2,22.3,27.2,18.5,24.54,29.939999999999998,20.14
20.1,26.8,14.1,2025-11-09,26.0,31.4,21.2,27.7,30.8,24.4,24.0,29.5,19.1,21.7,26.5,17.1,23.9,29.0,19.18
20.1,27.0,13.9,2025-11-10,26.1,32.2,20.6,27.7,30.5,25.4,24.4,30.0,19.5,22.4,28.8,17.1,24.140000000000004,29.7,19.3
20.1,27.4,13.6,2025-11-11,26.4,32.0,21.4,27.9,31.4,25.9,23.6,29.0,18.1,22.9,27.5,18.0,24.18,29.46,19.4
20.4,27.5,14.0,2025-11-12,26.9,32.8,21.2,28.5,30.8,26.9,23.0,28.2,18.3,23.1,27.9,19.0,24.380000000000003,29.439999999999998,19.880000000000003
19.3,26.2,13.1,2025-11-13,27.2,33.3,21.9,27.3,29.5,24.8,23.1,28.4,17.8,23.2,28.0,19.4,24.020000000000003,29.080000000000002,19.4
19.2,26.0,13.3,2025-11-14,26.8,33.1,21.2,27.7,30.0,26.0,23.2,28.4,18.0,22.5,27.9,19.0,23.880000000000003,29.080000000000002,19.5
19.3,26.5,12.8,2025-11-15,26.4,33.2,20.9,27.0,30.6,23.5,23.3,28.4,18.1,21.3,26.7,16.2,23.46,29.080000000000002,18.300000000000004
19.1,26.8,12.2,2025-11-16,26.3,33.1,20.8,26.6,28.5,25.1,23.3,28.2,17.9,21.8,26.3,17.5,23.419999999999998,28.580000000000002,18.7
19.0,26.0,12.2,2025-11-17,25.8,32.4,20.9,24.8,26.8,23.8,23.8,28.4,19.5,21.4,26.5,17.0,22.959999999999997,28.02,18.68
19.4,25.8,13.5,2025-11-18,25.2,32.2,19.6,25.4,27.6,23.1,24.3,29.7,19.0,20.8,24.5,18.1,23.02,27.96,18.660000000000004
19.7,26.0,13.2,2025-11-19,25.5,32.8,18.7,26.0,29.0,23.3,24.5,30.5,18.7,21.7,26.6,18.2,23.48,28.98,18.42
20.0,26.0,14.1,2025-11-20,25.9,32.9,19.8,26.2,28.1,24.0,24.9,30.0,20.4,22.2,27.8,18.1,23.84,28.96,19.28
20.3,26.1,14.5,2025-11-21,26.2,33.8,20.0,26.3,28.8,24.5,24.9,29.6,19.9,21.7,27.2,18.0,23.88,29.1,19.380000000000003
20.3,26.1,14.1,2025-11-22,27.2,33.2,22.4,26.1,29.1,24.0,24.0,29.1,18.8,22.3,26.9,19.5,23.979999999999997,28.880000000000003,19.759999999999998
19.3,25.9,13.1,2025-11-23,27.5,32.7,23.9,25.6,28.6,23.5,24.2,29.1,18.8,22.1,26.5,19.4,23.740000000000002,28.560000000000002,19.74
18.4,25.0,12.2,2025-11-24,27.5,32.8,23.5,26.4,28.2,23.8,23.3,28.5,19.3,22.1,26.8,19.1,23.54,28.26,19.580000000000002
17.4,24.0,11.4,2025-11-25,27.5,33.0,23.8,26.6,28.2,25.1,22.2,27.5,17.5,21.5,26.5,18.0,23.04,27.839999999999996,19.160000000000004
17.3,23.9,11.1,2025-11-26,27.6,32.6,24.2,26.3,28.1,24.6,22.0,27.5,17.2,20.9,26.5,17.0,22.82,27.72,18.82
18.1,24.4,12.6,2025-11-27,27.6,33.7,23.6,26.4,28.1,25.2,23.1,28.5,17.6,20.3,25.2,16.5,23.099999999999998,27.98,19.1
18.0,25.2,11.4,2025-11-28,27.2,33.2,22.6,26.4,28.2,25.0,23.4,28.5,17.6,19.8,24.8,15.8,22.96,27.98,18.479999999999997
19.0,25.9,13.6,2025-11-29,27.2,32.9,23.2,25.9,27.8,23.9,23.5,28.5,17.9,19.0,22.2,16.2,22.919999999999998,27.459999999999997,18.96
17.3,23.5,11.7,2025-11-30,25.4,32.0,20.4,24.8,25.9,23.9,23.3,28.5,18.3,19.3,21.4,18.2,22.02,26.26,18.5
16.9,24.3,9.9,2025-12-01,25.3,32.5,19.6,24.5,25.4,23.6,23.3,28.0,19.0,20.8,23.9,18.7,22.16,26.82,18.16
18.3,25.2,12.6,2025-12-02,25.4,32.2,19.9,24.0,25.1,23.0,23.5,28.4,19.2,21.2,24.8,18.5,22.48,27.140000000000004,18.64
16.2,22.9,10.2,2025-12-03,26.1,33.3,20.1,24.5,26.3,23.0,22.7,27.5,18.5,21.4,25.0,19.0,22.18,27.0,18.16
15.2,21.9,9.8,2025-12-04,27.2,33.7,21.9,24.6,27.5,23.2,21.4,26.9,16.2,21.4,25.9,19.2,21.96,27.18,18.06
15.0,21.8,8.6,2025-12-05,28.0,34.1,23.1,26.3,28.5,24.5,21.3,27.0,16.5,21.4,24.9,19.3,22.4,27.26,18.4
16.2,23.5,10.2,2025-12-06,27.3,33.0,23.3,26.3,28.6,24.8,20.0,26.0,14.6,20.9,25.5,17.4,22.139999999999997,27.32,18.059999999999995
17.0,24.1,10.7,2025-12-07,26.7,33.5,21.8,25.9,27.5,24.6,20.2,26.2,14.9,20.9,26.5,17.0,22.139999999999997,27.560000000000002,17.8
18.0,25.2,12.1,2025-12-08,26.4,33.7,20.9,25.2,27.3,23.4,20.8,26.1,15.3,20.5,27.1,15.9,22.18,27.880000000000003,17.520000000000003
17.5,24.5,11.6,2025-12-09,26.5,33.1,20.2,25.7,28.1,23.9,21.0,26.5,15.6,20.5,27.2,15.2,22.240000000000002,27.880000000000003,17.3
17.5,24.0,11.8,2025-12-10,26.2,33.2,20.7,25.3,27.3,23.5,21.3,26.8,16.1,21.2,27.4,17.0,22.3,27.74,17.82
17.3,24.6,10.8,2025-12-11,25.6,33.0,20.4,25.7,28.0,24.5,20.8,26.5,15.2,20.0,26.5,14.8,21.880000000000003,27.72,17.14
17.2,24.4,10.4,2025-12-12,24.8,32.3,18.9,25.2,27.2,23.6,21.2,26.5,15.4,19.8,26.7,13.9,21.64,27.419999999999998,16.44
17.8,24.5,12.7,2025-12-13,25.1,33.0,19.1,24.5,27.6,20.8,21.3,26.7,15.9,19.9,27.2,14.1,21.72,27.8,16.52
17.7,24.1,11.2,2025-12-14,25.5,32.4,19.7,25.4,28.0,23.5,22.3,27.9,17.0,19.7,26.0,14.1,22.119999999999997,27.68,17.1
16.6,23.3,10.5,2025-12-15,25.7,32.5,19.7,25.6,28.4,23.0,22.0,27.3,16.5,19.5,26.4,14.2,21.880000000000003,27.579999999999995,16.78
17.0,23.3,11.6,2025-12-16,25.5,32.8,19.5,25.6,27.3,24.7,21.1,26.4,16.0,20.2,25.0,15.4,21.88,26.959999999999997,17.44
17.0,23.8,11.4,2025-12-17,26.1,33.1,20.5,25.6,28.2,23.9,21.1,26.1,15.9,21.9,26.9,17.8,22.340000000000003,27.620000000000005,17.9
16.4,22.5,11.6,2025-12-18,25.9,33.1,20.0,25.2,28.0,22.7,21.7,27.6,16.4,20.2,27.0,14.9,21.880000000000003,27.639999999999997,17.119999999999997
15.7,21.9,11.2,2025-12-19,25.2,33.2,19.6,25.4,28.7,22.5,22.0,27.4,16.8,20.0,26.5,14.8,21.66,27.54,16.979999999999997
15.0,21.8,9.5,2025-12-20,24.9,33.1,19.0,25.1,29.0,20.9,20.3,24.6,16.4,19.1,25.2,13.8,20.880000000000003,26.74,15.919999999999998
14.4,20.4,10.7,2025-12-21,24.9,32.4,19.2,25.5,29.1,22.1,20.2,25.1,15.2,19.5,25.7,14.2,20.9,26.54,16.28
15.4,21.3,11.4,2025-12-22,24.5,31.6,18.5,26.1,29.0,23.5,20.4,25.6,15.4,19.2,24.8,14.2,21.12,26.46,16.6
16.5,23.0,11.6,2025-12-23,25.2,32.3,19.9,25.3,28.6,21.3,20.0,25.0,15.2,19.8,25.6,14.9,21.36,26.9,16.580000000000002
15.8,21.1,11.6,2025-12-24,25.2,32.2,20.8,25.6,28.8,22.7,19.5,24.5,14.8,19.8,25.2,14.4,21.18,26.360000000000003,16.86
14.7,21.0,9.2,2025-12-25,24.7,31.5,19.1,24.8,27.5,21.7,18.1,22.7,13.8,20.3,26.8,14.4,20.520000000000003,25.9,15.64
15.2,21.0,9.9,2025-12-26,24.7,31.3,19.0,25.9,28.2,24.1,17.6,22.9,12.3,21.2,26.4,17.4,20.92,25.96,16.54
14.8,20.5,9.7,2025-12-27,25.0,32.0,19.7,25.6,28.9,22.6,18.2,23.4,12.9,20.4,26.0,16.1,20.8,26.160000000000004,16.2
14.6,20.5,9.4,2025-12-28,24.9,31.5,20.0,25.4,28.5,22.0,17.8,22.8,13.2,20.3,26.6,14.9,20.6,25.98,15.9
14.1,19.9,10.6,2025-12-29,24.6,31.2,19.0,25.4,28.0,23.5,16.9,21.4,12.6,20.9,27.2,15.0,20.380000000000003,25.54,16.14
14.2,20.4,9.6,2025-12-30,23.5,29.4,18.5,25.5,28.8,21.6,15.9,20.5,11.6,22.1,28.6,16.5,20.240000000000002,25.54,15.560000000000002
13.2,19.4,9.1,2025-12-31,23.2,28.8,18.1,25.8,29.0,24.1,16.5,21.9,11.7,22.5,28.1,17.0,20.240000000000002,25.439999999999998,16.0
