date,BAT,COL,GEO,NG,NUC,OES,OIL,OTH,PS,SNB,SUN,UES,UNK,WAT,WNB,WND,co2_COL,co2_NG,co2_OIL,co2_OTH,co2_NUC,co2_WAT,co2_WND,co2_SUN,co2_GEO,co2_SNB,co2_WNB,co2_UNK,co2_total,intensity
2025-01-01,11360.0,1809147.0,6567.0,3657928.0,2344472.0,,7119.0,123591.0,3510.0,132.0,483931.0,-12367.0,,722423.0,,1270310.0,1718689.65,1463171.2000000002,5552.820000000001,61795.5,0.0,0.0,0.0,0.0,0.0,0.0,,,3249209.17,0.3116562055781814
2025-01-02,12988.0,2285128.0,10545.0,4292652.0,2346007.0,,8376.0,130761.0,4650.0,292.0,468820.0,-14740.0,,767909.0,,1046433.0,2170871.6,1717060.8,6533.280000000001,65380.5,0.0,0.0,0.0,0.0,0.0,0.0,,,3959846.18,0.34867245115600415
2025-01-03,12245.0,2508398.0,10461.0,4507875.0,2349649.0,,9908.0,145147.0,6286.0,274.0,417743.0,-13766.0,,748450.0,,1070649.0,2382978.1,1803150.0,7728.240000000001,72573.5,0.0,0.0,0.0,0.0,0.0,0.0,,,4266429.84,0.3625279571305022
2025-01-04,9208.0,2592069.0,10293.0,4109950.0,2351546.0,,7621.0,120228.0,4327.0,275.0,389623.0,-12667.0,,670615.0,,1474457.0,2462465.55,1643980.0,5944.38,60114.0,0.0,0.0,0.0,0.0,0.0,0.0,,,4172503.9299999997,0.35581298350760404
2025-01-05,4180.0,2583146.0,10363.0,4089165.0,2349893.0,,8483.0,133334.0,4223.0,991.0,335172.0,-6029.0,,657854.0,,1564769.0,2453988.6999999997,1635666.0,6616.74,66667.0,0.0,0.0,0.0,0.0,0.0,0.0,,,4162938.44,0.35480082876153674
2025-01-06,7376.0,2784852.0,10947.0,4814164.0,2350502.0,0.0,22320.0,140947.0,3670.0,2446.0,416766.0,-9445.0,,685349.0,,1189847.0,2645609.4,1925665.6,17409.600000000002,70473.5,0.0,0.0,0.0,0.0,0.0,0.0,,,4659158.1,0.3751896902434664
2025-01-07,11452.0,3203032.0,11200.0,5475953.0,2348757.0,0.0,37006.0,147408.0,1451.0,3795.0,459878.0,-13444.0,,755960.0,,754514.0,3042880.4,2190381.2,28864.68,73704.0,0.0,0.0,0.0,0.0,0.0,0.0,,,5335830.279999999,0.4043060478940599
2025-01-08,9795.0,3199548.0,10936.0,5425718.0,2351015.0,-21.0,75917.0,152706.0,3922.0,4258.0,424367.0,-11634.0,,733097.0,,1064415.0,3039570.5999999996,2170287.2,59215.26,76353.0,0.0,0.0,0.0,0.0,0.0,0.0,,,5345426.06,0.3976666572186517
2025-01-09,9965.0,3000806.0,11148.0,5586162.0,2350935.0,-17.0,57764.0,146592.0,3341.0,4806.0,419919.0,-13118.0,,735314.0,,1255693.0,2850765.6999999997,2234464.8000000003,45055.92,73296.0,0.0,0.0,0.0,0.0,0.0,0.0,,,5203582.42,0.38348655872712334
2025-01-10,8908.0,2990663.0,11047.0,5247510.0,2350172.0,0.0,38478.0,154270.0,6103.0,2072.0,351573.0,-10682.0,,716531.0,,1516040.0,2841129.85,2099004.0,30012.84,77135.0,0.0,0.0,0.0,0.0,0.0,0.0,,,5047281.6899999995,0.377272191740151
2025-01-11,11958.0,2792333.0,11086.0,4529130.0,2342036.0,0.0,11198.0,132311.0,2863.0,2376.0,447394.0,-15494.0,,624071.0,,1582806.0,2652716.35,1811652.0,8734.44,66155.5,0.0,0.0,0.0,0.0,0.0,0.0,,,4539258.29,0.3638759546190177
2025-01-12,12791.0,2660947.0,10736.0,4072612.0,2349268.0,0.0,7255.0,140107.0,124.0,4767.0,510069.0,-15229.0,,648536.0,,1801009.0,2527899.65,1629044.8,5658.900000000001,70053.5,0.0,0.0,0.0,0.0,0.0,0.0,,,4232656.85,0.34678826159704634
2025-01-13,13456.0,2819882.0,10276.0,4539620.0,2346396.0,0.0,7554.0,138898.0,2529.0,2026.0,514571.0,-15671.0,,683647.0,,1297819.0,2678887.9,1815848.0,5892.12,69449.0,0.0,0.0,0.0,0.0,0.0,0.0,,,4570077.0200000005,0.36972672154440583
2025-01-14,16762.0,2915376.0,10047.0,4957504.0,2346630.0,0.0,11865.0,148176.0,4512.0,4841.0,512165.0,-18630.0,,715763.0,,1152419.0,2769607.1999999997,1983001.6,9254.7,74088.0,0.0,0.0,0.0,0.0,0.0,0.0,,,4835951.5,0.3785544039641838
2025-01-15,13785.0,3034048.0,9925.0,5143074.0,2345580.0,0.0,13240.0,157076.0,7343.0,4490.0,513714.0,-17597.0,,699966.0,,915706.0,2882345.6,2057229.6,10327.2,78538.0,0.0,0.0,0.0,0.0,0.0,0.0,,,5028440.4,0.39172012941835516
2025-01-16,14826.0,2834643.0,9895.0,4866810.0,2340762.0,0.0,25361.0,148398.0,4243.0,5148.0,518075.0,-17313.0,,714262.0,,1288418.0,2692910.85,1946724.0,19781.58,74199.0,0.0,0.0,0.0,0.0,0.0,0.0,,,4733615.43,0.3712123640541879
2025-01-17,13326.0,2551477.0,9953.0,3992982.0,2279746.0,0.0,18474.0,126593.0,4743.0,5608.0,454369.0,-15963.0,,609757.0,,1982066.0,2423903.15,1597192.8,14409.720000000001,63296.5,0.0,0.0,0.0,0.0,0.0,0.0,,,4098802.1700000004,0.3406860321543676
2025-01-18,8829.0,2362310.0,9795.0,3644609.0,2286522.0,0.0,12077.0,142667.0,521.0,3057.0,396679.0,-12460.0,,582016.0,,2006356.0,2244194.5,1457843.6,9420.06,71333.5,0.0,0.0,0.0,0.0,0.0,0.0,,,3782791.66,0.3304877317036179
2025-01-19,7763.0,2643793.0,9926.0,4059688.0,2306219.0,0.0,23629.0,153068.0,-1293.0,3989.0,500138.0,-10177.0,,625942.0,,1578225.0,2511603.35,1623875.2000000002,18430.62,76534.0,0.0,0.0,0.0,0.0,0.0,0.0,,,4230443.17,0.3553615517408078
2025-01-20,16497.0,3269828.0,9778.0,5399093.0,2328186.0,-23.0,99896.0,170467.0,1505.0,6105.0,527604.0,-19391.0,,726476.0,,1289542.0,3106336.5999999996,2159637.2,77918.88,85233.5,0.0,0.0,0.0,0.0,0.0,0.0,,,5429126.18,0.392647428667514
2025-01-21,10478.0,3317382.0,9493.0,6173911.0,2331905.0,-24.0,248335.0,192890.0,5619.0,3612.0,459218.0,-13678.0,,796315.0,,1380990.0,3151512.9,2469564.4,193701.30000000002,96445.0,0.0,0.0,0.0,0.0,0.0,0.0,,,5911223.6,0.3963526475804595
2025-01-22,8321.0,3038597.0,9689.0,6090240.0,2332191.0,-24.0,261458.0,200991.0,2960.0,4742.0,515306.0,-10982.0,,779997.0,,1722400.0,2886667.15,2436096.0,203937.24000000002,100495.5,0.0,0.0,0.0,0.0,0.0,0.0,,,5627195.890000001,0.37625984588660405
2025-01-23,14070.0,2978305.0,9648.0,5931105.0,2330265.0,143.0,170979.0,176398.0,3667.0,6167.0,516389.0,-16707.0,,703521.0,,1426725.0,2829389.75,2372442.0,133363.62,88199.0,0.0,0.0,0.0,0.0,0.0,0.0,,,5423394.37,0.38060237964807475
2025-01-24,16824.0,2949445.0,9815.0,5606166.0,2329216.0,-24.0,62708.0,173336.0,3764.0,8646.0,567462.0,-19600.0,,638735.0,,1380184.0,2801972.75,2242466.4,48912.240000000005,86668.0,0.0,0.0,0.0,0.0,0.0,0.0,,,5180019.390000001,0.37739528649622794
2025-01-25,14442.0,2703408.0,9687.0,4732370.0,2328419.0,-21.0,37514.0,167347.0,3731.0,7678.0,459236.0,-14024.0,,608695.0,,1889038.0,2568237.6,1892948.0,29260.920000000002,83673.5,0.0,0.0,0.0,0.0,0.0,0.0,,,4574120.02,0.353394227726395
2025-01-26,7043.0,2616106.0,9636.0,4440679.0,2324346.0,-15.0,18735.0,142965.0,2889.0,6011.0,394493.0,-12372.0,,551975.0,,1277300.0,2485300.6999999997,1776271.6,14613.300000000001,71482.5,0.0,0.0,0.0,0.0,0.0,0.0,,,4347668.1,0.3690016402645132
2025-01-27,15154.0,2463525.0,9575.0,4570082.0,2323151.0,0.0,14213.0,143208.0,6594.0,4445.0,427189.0,-17774.0,,607157.0,,1396561.0,2340348.75,1828032.8,11086.140000000001,71604.0,0.0,0.0,0.0,0.0,0.0,0.0,,,4251071.6899999995,0.3554673476428756
2025-01-28,15715.0,2374724.0,9198.0,4677154.0,2312907.0,0.0,15428.0,139621.0,9525.0,7588.0,471807.0,-13642.0,,624801.0,,1188218.0,2255987.8,1870861.6,12033.84,69810.5,0.0,0.0,0.0,0.0,0.0,0.0,,,4208693.74,0.35602190628794483
2025-01-29,10373.0,2253627.0,8272.0,4565050.0,2287846.0,0.0,15423.0,132143.0,7216.0,7642.0,447675.0,-15577.0,,613823.0,,1087967.0,2140945.65,1826020.0,12029.94,66071.5,0.0,0.0,0.0,0.0,0.0,0.0,,,4045067.09,0.3542255287199018
2025-01-30,14286.0,2223310.0,8264.0,4433656.0,2287882.0,0.0,16492.0,144022.0,4907.0,8316.0,475182.0,-16714.0,,629480.0,,1149640.0,2112144.5,1773462.4000000001,12863.76,72011.0,0.0,0.0,0.0,0.0,0.0,0.0,,,3970481.66,0.3490151635284897
2025-01-31,10591.0,1859816.0,8282.0,4097739.0,2287717.0,0.0,11581.0,142344.0,3024.0,6382.0,474676.0,-15405.0,,618725.0,,1655418.0,1766825.2,1639095.6,9033.18,71172.0,0.0,0.0,0.0,0.0,0.0,0.0,,,3486125.98,0.3123018827020035
2025-02-01,10579.0,1653241.0,8611.0,3903972.0,2317172.0,0.0,7482.0,132239.0,4173.0,7493.0,539689.0,-15627.0,,520647.0,,1681519.0,1570578.95,1561588.8,5835.96,66119.5,0.0,0.0,0.0,0.0,0.0,0.0,,,3204123.21,0.2974474448492466
2025-02-02,11619.0,1823409.0,9380.0,3967160.0,2320506.0,0.0,11151.0,140777.0,4993.0,8268.0,525290.0,-16137.0,,562797.0,,1511091.0,1732238.5499999998,1586864.0,8697.78,70388.5,0.0,0.0,0.0,0.0,0.0,0.0,,,3398188.8299999996,0.3123384411648381
2025-02-03,12833.0,1718127.0,9418.0,4014519.0,2317995.0,0.0,13438.0,152204.0,4551.0,6323.0,529089.0,-16016.0,,605616.0,,1696210.0,1632220.65,1605807.6,10481.640000000001,76102.0,0.0,0.0,0.0,0.0,0.0,0.0,,,3324611.89,0.3005179627222025
2025-02-04,11081.0,1799359.0,9347.0,4188031.0,2315204.0,0.0,9517.0,140806.0,8666.0,7941.0,503405.0,-15891.0,,600532.0,,1481579.0,1709391.0499999998,1675212.4000000001,7423.26,70403.0,0.0,0.0,0.0,0.0,0.0,0.0,,,3462429.71,0.3131799102021478
2025-02-05,15482.0,2091811.0,9257.0,4590772.0,2309178.0,0.0,12508.0,150612.0,10956.0,7397.0,417463.0,-20476.0,,658982.0,,1201521.0,1987220.45,1836308.8,9756.24,75306.0,0.0,0.0,0.0,0.0,0.0,0.0,,,3908591.49,0.34137657964307794
2025-02-06,9677.0,2001854.0,9213.0,4387721.0,2287639.0,0.0,15640.0,153959.0,9204.0,6483.0,503592.0,-13421.0,,647351.0,,1471224.0,1901761.2999999998,1755088.4000000001,12199.2,76979.5,0.0,0.0,0.0,0.0,0.0,0.0,,,3746028.4000000004,0.32617623692649234
2025-02-07,14028.0,1971074.0,8354.0,4379627.0,2279617.0,0.0,13703.0,137461.0,4549.0,6688.0,511079.0,-17727.0,,653224.0,,1303532.0,1872520.2999999998,1751850.8,10688.34,68730.5,0.0,0.0,0.0,0.0,0.0,0.0,,,3703789.9399999995,0.3288060989533447
2025-02-08,8583.0,1849164.0,9312.0,3905012.0,2269297.0,0.0,11362.0,140627.0,5768.0,7961.0,467852.0,-14471.0,,646523.0,,1693093.0,1756705.7999999998,1562004.8,8862.36,70313.5,0.0,0.0,0.0,0.0,0.0,0.0,,,3397886.4599999995,0.3088930686097338
2025-02-09,8890.0,2007790.0,9579.0,4146297.0,2264834.0,0.0,15205.0,132079.0,7583.0,7532.0,482470.0,-12496.0,,640862.0,,1154143.0,1907400.5,1658518.8,11859.9,66039.5,0.0,0.0,0.0,0.0,0.0,0.0,,,3643818.6999999997,0.3355021471272212
2025-02-10,13346.0,2326290.0,9494.0,4783299.0,2241421.0,0.0,20512.0,149410.0,4299.0,7549.0,442387.0,-12567.0,,714369.0,,752099.0,2209975.5,1913319.6,15999.36,74705.0,0.0,0.0,0.0,0.0,0.0,0.0,,,4213999.46,0.3681368081818285
2025-02-11,9126.0,2456358.0,9898.0,5130874.0,2199455.0,0.0,23866.0,152557.0,5142.0,6646.0,338792.0,-16584.0,,753290.0,,1085551.0,2333540.1,2052349.6,18615.48,76278.5,0.0,0.0,0.0,0.0,0.0,0.0,,,4480783.680000001,0.3685677306129238
2025-02-12,13057.0,2599348.0,4314.0,5336364.0,2196929.0,0.0,12740.0,151460.0,4821.0,6782.0,343064.0,-16311.0,,759142.0,,1042647.0,2469380.6,2134545.6,9937.2,75730.0,0.0,0.0,0.0,0.0,0.0,0.0,,,4689593.4,0.37658977626700524
2025-02-13,11384.0,2568267.0,9167.0,5123806.0,2199623.0,0.0,14326.0,151725.0,2478.0,3048.0,360801.0,-16846.0,,744076.0,,1346335.0,2439853.65,2049522.4000000001,11174.28,75862.5,0.0,0.0,0.0,0.0,0.0,0.0,,,4576412.83,0.3654939089577383
2025-02-14,10916.0,2354766.0,13957.0,4792039.0,2209321.0,0.0,11238.0,110869.0,4554.0,6500.0,487791.0,-13988.0,,767133.0,,1748413.0,2237027.6999999997,1916815.6,8765.64,55434.5,0.0,0.0,0.0,0.0,0.0,0.0,,,4218043.4399999995,0.33738876423799113
2025-02-15,9179.0,2334593.0,13677.0,3994989.0,2210268.0,0.0,15759.0,125648.0,6018.0,6941.0,392287.0,-16215.0,,690863.0,,1696020.0,2217863.35,1597995.6,12292.02,62824.0,0.0,0.0,0.0,0.0,0.0,0.0,,,3890974.97,0.33890425218261927
2025-02-16,10236.0,2248940.0,14444.0,3728967.0,2187181.0,0.0,17589.0,132171.0,5667.0,7600.0,547835.0,-14364.0,,626027.0,,1661924.0,2136493.0,1491586.8,13719.42,66085.5,0.0,0.0,0.0,0.0,0.0,0.0,,,3707884.7199999997,0.33187072248927246
2025-02-17,12992.0,2578996.0,11755.0,4217053.0,2186380.0,0.0,17318.0,128583.0,4445.0,9051.0,669306.0,-17580.0,,678567.0,,1664096.0,2450046.1999999997,1686821.2000000002,13508.04,64291.5,0.0,0.0,0.0,0.0,0.0,0.0,,,4214666.9399999995,0.3465694063162845
2025-02-18,9523.0,2779646.0,4294.0,4617030.0,2185967.0,0.0,40964.0,128137.0,7586.0,5852.0,518373.0,-12227.0,,732005.0,,1608730.0,2640663.6999999997,1846812.0,31951.920000000002,64068.5,0.0,0.0,0.0,0.0,0.0,0.0,,,4583496.119999999,0.36316431711660196
2025-02-19,12895.0,3016660.0,6566.0,5602779.0,2185863.0,0.0,59236.0,142740.0,8092.0,5040.0,445412.0,-18967.0,,729530.0,,1294552.0,2865827.0,2241111.6,46204.08,71370.0,0.0,0.0,0.0,0.0,0.0,0.0,,,5224512.68,0.38733439113287005
2025-02-20,14124.0,3152732.0,9155.0,5944990.0,2186839.0,-20.0,44821.0,144056.0,6511.0,6712.0,641824.0,-20140.0,,731615.0,,1047400.0,2995095.4,2377996.0,34960.380000000005,72028.0,0.0,0.0,0.0,0.0,0.0,0.0,,,5480079.78,0.3939628360425313
2025-02-21,15214.0,3033617.0,9057.0,5916975.0,2186144.0,-20.0,50566.0,146935.0,6943.0,7286.0,670755.0,-18405.0,,747672.0,,935462.0,2881936.15,2366790.0,39441.48,73467.5,0.0,0.0,0.0,0.0,0.0,0.0,,,5361635.130000001,0.3912326066774277
2025-02-22,12530.0,2684092.0,9147.0,4845501.0,2185610.0,0.0,12322.0,130797.0,2942.0,6514.0,647559.0,-16377.0,,701932.0,,1222669.0,2549887.4,1938200.4000000001,9611.16,65398.5,0.0,0.0,0.0,0.0,0.0,0.0,,,4563097.46,0.36662743309312773
2025-02-23,12786.0,2230832.0,9437.0,4183325.0,2182193.0,0.0,7677.0,118089.0,4367.0,8063.0,636819.0,-18459.0,,688582.0,,1262277.0,2119290.4,1673330.0,5988.06,59044.5,0.0,0.0,0.0,0.0,0.0,0.0,,,3857652.96,0.34056262334146176
2025-02-24,14862.0,2106704.0,10125.0,3979305.0,2147320.0,0.0,7579.0,120007.0,7563.0,7827.0,628310.0,-19275.0,,729526.0,,1449203.0,2001368.7999999998,1591722.0,5911.62,60003.5,0.0,0.0,0.0,0.0,0.0,0.0,,,3659005.92,0.3271085882538258
2025-02-25,15758.0,2043524.0,9991.0,3731365.0,2145265.0,0.0,7295.0,106945.0,5217.0,9551.0,748889.0,-19129.0,,715220.0,,1233399.0,1941347.7999999998,1492546.0,5690.1,53472.5,0.0,0.0,0.0,0.0,0.0,0.0,,,3493056.4,0.3248918377847664
2025-02-26,14155.0,1815581.0,4208.0,3458268.0,2147767.0,0.0,8017.0,112998.0,4149.0,11289.0,672988.0,-16196.0,,726112.0,,1639334.0,1724801.95,1383307.2000000002,6253.26,56499.0,0.0,0.0,0.0,0.0,0.0,0.0,,,3170861.41,0.29923492260980494
2025-02-27,9851.0,1750769.0,6623.0,3449146.0,2141032.0,0.0,7591.0,116180.0,3219.0,10189.0,669751.0,-14048.0,,712226.0,,1684119.0,1663230.5499999998,1379658.4000000001,5920.9800000000005,58090.0,0.0,0.0,0.0,0.0,0.0,0.0,,,3106899.93,0.29455916715287406
2025-02-28,15645.0,1708008.0,10170.0,3541611.0,2123514.0,0.0,7869.0,127573.0,5094.0,9846.0,782535.0,-18602.0,,732328.0,,1476286.0,1622607.5999999999,1416644.4000000001,6137.820000000001,63786.5,0.0,0.0,0.0,0.0,0.0,0.0,,,3109176.32,0.2955563844733805
2025-03-01,15768.0,1698676.0,10037.0,3394133.0,2116075.0,0.0,7634.0,106693.0,4231.0,9297.0,769827.0,-17175.0,,696193.0,,1329260.0,1613742.2,1357653.2000000002,5954.52,53346.5,0.0,0.0,0.0,0.0,0.0,0.0,,,3030696.4200000004,0.29894937227659785
2025-03-02,11882.0,1697315.0,8623.0,3563877.0,2099650.0,0.0,13153.0,116516.0,4473.0,9557.0,715018.0,-15728.0,,686237.0,,1542931.0,1612449.25,1425550.8,10259.34,58258.0,0.0,0.0,0.0,0.0,0.0,0.0,,,3106517.3899999997,0.2971925710022226
2025-03-03,17982.0,1808156.0,7531.0,3923370.0,2119053.0,0.0,17400.0,134214.0,11391.0,7566.0,588698.0,-17999.0,,743963.0,,1783676.0,1717748.2,1569348.0,13572.0,67107.0,0.0,0.0,0.0,0.0,0.0,0.0,,,3367775.2,0.30248679967453557
2025-03-04,10265.0,1748113.0,6713.0,3636655.0,2107021.0,0.0,9990.0,117969.0,7691.0,8259.0,546158.0,-16059.0,,725897.0,,2009873.0,1660707.3499999999,1454662.0,7792.2,58984.5,0.0,0.0,0.0,0.0,0.0,0.0,,,3182146.05,0.2914947930903332
2025-03-05,11518.0,1739467.0,7276.0,3664295.0,2085305.0,0.0,7091.0,134683.0,1636.0,6627.0,538851.0,-15297.0,,714401.0,,1792456.0,1652493.65,1465718.0,5530.9800000000005,67341.5,0.0,0.0,0.0,0.0,0.0,0.0,,,3191084.13,0.29849852279398476
2025-03-06,15732.0,1910731.0,7854.0,3886795.0,2076635.0,0.0,11112.0,94934.0,8577.0,7970.0,620709.0,-17549.0,,733406.0,,1763768.0,1815194.45,1554718.0,8667.36,47467.0,0.0,0.0,0.0,0.0,0.0,0.0,,,3426046.81,0.30826644960542254
2025-03-07,12878.0,2010458.0,7763.0,3899053.0,2085912.0,0.0,11946.0,121659.0,10205.0,10749.0,626715.0,-16167.0,,771901.0,,1609855.0,1909935.0999999999,1559621.2000000002,9317.880000000001,60829.5,0.0,0.0,0.0,0.0,0.0,0.0,,,3539703.6799999997,0.31729116079215053
2025-03-08,9920.0,1830604.0,8057.0,3463291.0,2079507.0,68.0,6040.0,110698.0,3465.0,8717.0,649643.0,-12155.0,,662278.0,,1538833.0,1739073.7999999998,1385316.4000000001,4711.2,55349.0,0.0,0.0,0.0,0.0,0.0,0.0,,,3184450.4000000004,0.3074485878481527
2025-03-09,10554.0,1751622.0,8252.0,3479570.0,2089448.0,44.0,5872.0,106346.0,5972.0,7089.0,663239.0,-14472.0,,687456.0,,1350081.0,1664040.9,1391828.0,4580.16,53173.0,0.0,0.0,0.0,0.0,0.0,0.0,,,3113622.06,0.3067917755241293
2025-03-10,15020.0,1702183.0,8239.0,3772384.0,2069553.0,0.0,4901.0,115936.0,12767.0,6220.0,745292.0,-17552.0,,725449.0,,1319965.0,1617073.8499999999,1508953.6,3822.78,57968.0,0.0,0.0,0.0,0.0,0.0,0.0,,,3187818.23,0.30446810743943575
2025-03-11,14276.0,1641271.0,7964.0,3217732.0,2068703.0,0.0,6259.0,122673.0,6534.0,7889.0,783242.0,-20124.0,,721983.0,,1751065.0,1559207.45,1287092.8,4882.02,61336.5,0.0,0.0,0.0,0.0,0.0,0.0,,,2912518.77,0.2819808813837761
2025-03-12,17439.0,1715571.0,7978.0,3450171.0,2084316.0,0.0,6096.0,105538.0,8028.0,10283.0,746090.0,-19639.0,0.0,727180.0,0.0,1360075.0,1629792.45,1380068.4000000001,4754.88,52769.0,0.0,0.0,0.0,0.0,0.0,0.0,0.0,0.0,3067384.73,0.3003324420769863
2025-03-13,15313.0,1681057.0,7842.0,3685926.0,2081744.0,0.0,5242.0,116654.0,4967.0,9742.0,657680.0,-18643.0,0.0,718394.0,0.0,1344180.0,1597004.15,1474370.4000000001,4088.76,58327.0,0.0,0.0,0.0,0.0,0.0,0.0,0.0,0.0,3133790.3099999996,0.30400176224171577
2025-03-14,10225.0,1462624.0,8053.0,3428049.0,2076033.0,0.0,5187.0,109523.0,4135.0,9269.0,589867.0,-13208.0,0.0,746731.0,0.0,1989087.0,1389492.8,1371219.6,4045.86,54761.5,0.0,0.0,0.0,0.0,0.0,0.0,0.0,0.0,2819519.7600000002,0.27047250097199627
2025-03-15,12125.0,1322231.0,8359.0,3160548.0,2076074.0,0.0,5184.0,95388.0,5229.0,9595.0,535524.0,-17222.0,0.0,681655.0,0.0,2026699.0,1256119.45,1264219.2000000002,4043.52,47694.0,0.0,0.0,0.0,0.0,0.0,0.0,0.0,0.0,2572076.1700000004,0.259249021570553
2025-03-16,12042.0,1389823.0,8395.0,3286800.0,2056187.0,0.0,5051.0,100920.0,3860.0,11785.0,618508.0,-15494.0,0.0,685685.0,0.0,1490210.0,1320331.8499999999,1314720.0,3939.78,50460.0,0.0,0.0,0.0,0.0,0.0,0.0,0.0,0.0,2689451.6299999994,0.2786025296466599
2025-03-17,15031.0,1452385.0,8506.0,3467079.0,2038121.0,0.0,7818.0,109410.0,6838.0,14195.0,686248.0,-17971.0,0.0,751777.0,0.0,1745775.0,1379765.75,1386831.6,6098.04,54705.0,0.0,0.0,0.0,0.0,0.0,0.0,0.0,0.0,2827400.39,0.2750037971800103
2025-03-18,10896.0,1484092.0,8645.0,3246520.0,2047482.0,0.0,10668.0,106766.0,312.0,14500.0,738163.0,-13369.0,0.0,733048.0,0.0,2074916.0,1409887.4,1298608.0,8321.04,53383.0,0.0,0.0,0.0,0.0,0.0,0.0,0.0,0.0,2770199.44,0.26471594679305865
2025-03-19,16560.0,1458925.0,8811.0,3174155.0,2044684.0,0.0,12098.0,103338.0,12911.0,14259.0,694605.0,-22322.0,0.0,747586.0,0.0,1961911.0,1385978.75,1269662.0,9436.44,51669.0,0.0,0.0,0.0,0.0,0.0,0.0,0.0,0.0,2716746.19,0.265816761855635
2025-03-20,14156.0,1584347.0,8885.0,3479518.0,1976415.0,0.0,12699.0,156565.0,9392.0,12810.0,744064.0,-17714.0,0.0,731260.0,0.0,1549349.0,1505129.65,1391807.2000000002,9905.220000000001,78282.5,0.0,0.0,0.0,0.0,0.0,0.0,0.0,0.0,2985124.5700000003,0.2910637854536974
2025-03-21,16475.0,1560109.0,8768.0,3327747.0,1955946.0,0.0,9777.0,173633.0,8388.0,17161.0,833922.0,-20704.0,0.0,752819.0,0.0,1867377.0,1482103.55,1331098.8,7626.06,86816.5,0.0,0.0,0.0,0.0,0.0,0.0,0.0,0.0,2907644.91,0.27672725208353577
2025-03-22,16113.0,1443895.0,7567.0,3060119.0,1916646.0,0.0,6118.0,167247.0,563.0,16125.0,785956.0,-20065.0,0.0,695217.0,0.0,1764052.0,1371700.25,1224047.6,4772.04,83623.5,0.0,0.0,0.0,0.0,0.0,0.0,0.0,0.0,2684143.39,0.2721442942683836
2025-03-23,13592.0,1409162.0,7450.0,2968203.0,1915660.0,0.0,5243.0,173216.0,-807.0,14066.0,649450.0,-17441.0,0.0,685248.0,0.0,1919232.0,1338703.9,1187281.2,4089.54,86608.0,0.0,0.0,0.0,0.0,0.0,0.0,0.0,0.0,2616682.6399999997,0.2684622378533548
2025-03-24,16319.0,1518957.0,7366.0,3651546.0,1889159.0,0.0,9971.0,172776.0,10245.0,11444.0,738001.0,-20653.0,0.0,694852.0,0.0,1571452.0,1443009.15,1460618.4000000001,7777.38,86388.0,0.0,0.0,0.0,0.0,0.0,0.0,0.0,0.0,2997792.9299999997,0.29202531989599356
2025-03-25,19755.0,1732352.0,8137.0,3943646.0,1942840.0,0.0,8264.0,118231.0,6875.0,15378.0,868406.0,-23862.0,0.0,748126.0,0.0,959623.0,1645734.4,1577458.4000000001,6445.92,59115.5,0.0,0.0,0.0,0.0,0.0,0.0,0.0,0.0,3288754.2199999997,0.31790751728153194
2025-03-26,18638.0,1727847.0,8285.0,3935579.0,1936010.0,0.0,8906.0,115501.0,3384.0,11488.0,808033.0,-22172.0,0.0,767628.0,0.0,1105445.0,1641454.65,1574231.6,6946.68,57750.5,0.0,0.0,0.0,0.0,0.0,0.0,0.0,0.0,3280383.43,0.31467346851071903
2025-03-27,15617.0,1595447.0,8797.0,3724993.0,1926734.0,0.0,15197.0,99639.0,14683.0,9920.0,730362.0,-19216.0,0.0,763154.0,0.0,1534122.0,1515674.65,1489997.2000000002,11853.66,49819.5,0.0,0.0,0.0,0.0,0.0,0.0,0.0,0.0,3067345.0100000002,0.29469998506009354
2025-03-28,18846.0,1507812.0,10159.0,3557476.0,1924813.0,0.0,11318.0,107441.0,5411.0,7559.0,636496.0,-21429.0,0.0,836261.0,0.0,1620396.0,1432421.4,1422990.4000000001,8828.04,53720.5,0.0,0.0,0.0,0.0,0.0,0.0,0.0,0.0,2917960.34,0.28552222558499823
2025-03-29,15478.0,1463965.0,10849.0,3151050.0,1874345.0,0.0,8427.0,101469.0,1901.0,7076.0,617669.0,-18697.0,0.0,795129.0,0.0,1802384.0,1390766.75,1260420.0,6573.06,50734.5,0.0,0.0,0.0,0.0,0.0,0.0,0.0,0.0,2708494.31,0.2754672818731367
2025-03-30,15972.0,1534445.0,11634.0,3357881.0,1878174.0,0.0,10648.0,112719.0,-3114.0,8415.0,577431.0,-21526.0,0.0,815183.0,0.0,1496896.0,1457722.75,1343152.4000000001,8305.44,56359.5,0.0,0.0,0.0,0.0,0.0,0.0,0.0,0.0,2865540.0900000003,0.2922998643535434
2025-03-31,20183.0,1698907.0,11535.0,3843970.0,1900429.0,0.0,12965.0,117794.0,7907.0,7645.0,696389.0,-23726.0,0.0,860952.0,0.0,1158214.0,1613961.65,1537588.0,10112.7,58897.0,0.0,0.0,0.0,0.0,0.0,0.0,0.0,0.0,3220559.35,0.31240875271612606
2025-04-01,18751.0,1574681.0,11136.0,3527018.0,1910096.0,0.0,8454.0,112381.0,-6844.0,11683.0,663515.0,-21917.0,0.0,858069.0,0.0,1825870.0,1495946.95,1410807.2000000002,6594.12,56190.5,0.0,0.0,0.0,0.0,0.0,0.0,0.0,0.0,2969538.7700000005,0.2827350466818555
2025-04-02,17429.0,1668474.0,11441.0,3759685.0,1917152.0,0.0,7448.0,114080.0,9980.0,11133.0,598604.0,-20950.0,0.0,801301.0,0.0,1890607.0,1585050.2999999998,1503874.0,5809.4400000000005,57040.0,0.0,0.0,0.0,0.0,0.0,0.0,0.0,0.0,3151773.7399999998,0.2923743662409525
2025-04-03,17748.0,1732852.0,11558.0,4019258.0,1927778.0,0.0,9444.0,110815.0,2939.0,12076.0,588650.0,-23334.0,0.0,766715.0,0.0,1597812.0,1646209.4,1607703.2000000002,7366.320000000001,55407.5,0.0,0.0,0.0,0.0,0.0,0.0,0.0,0.0,3316686.42,0.30775720013012947
2025-04-04,16193.0,1926378.0,11600.0,4152905.0,1959774.0,0.0,11751.0,127527.0,9786.0,13823.0,589499.0,-18643.0,0.0,767690.0,0.0,1160401.0,1830059.0999999999,1661162.0,9165.78,63763.5,0.0,0.0,0.0,0.0,0.0,0.0,0.0,0.0,3564150.3799999994,0.33243491210247067
2025-04-05,10573.0,1680418.0,11568.0,3486142.0,1972521.0,-2.0,10480.0,122667.0,10809.0,12041.0,550474.0,-16129.0,0.0,702575.0,0.0,1760218.0,1596397.0999999999,1394456.8,8174.400000000001,61333.5,0.0,0.0,0.0,0.0,0.0,0.0,0.0,0.0,3060361.8,0.29686011509826654
2025-04-06,12797.0,1685641.0,12127.0,3478155.0,1991543.0,0.0,9812.0,127955.0,4293.0,10469.0,668399.0,-18524.0,0.0,688417.0,0.0,1260718.0,1601358.95,1391262.0,7653.360000000001,63977.5,0.0,0.0,0.0,0.0,0.0,0.0,0.0,0.0,3064251.81,0.3084847485753887
2025-04-07,21853.0,1686892.0,12056.0,3939333.0,2018256.0,-6.0,12019.0,144968.0,10054.0,8465.0,784171.0,-26570.0,0.0,783282.0,0.0,991780.0,1602547.4,1575733.2000000002,9374.82,72484.0,0.0,0.0,0.0,0.0,0.0,0.0,0.0,0.0,3260139.42,0.31404197116678556
2025-04-08,23207.0,1606825.0,11970.0,3654094.0,2039632.0,-10.0,22132.0,126982.0,-623.0,12866.0,942054.0,-26424.0,0.0,802281.0,0.0,1243379.0,1526483.75,1461637.6,17262.96,63491.0,0.0,0.0,0.0,0.0,0.0,0.0,0.0,0.0,3068875.31,0.2933294058667309
2025-04-09,17627.0,1591046.0,11848.0,3360011.0,2029514.0,0.0,24013.0,120457.0,9875.0,14780.0,905245.0,-21940.0,0.0,839777.0,0.0,1578039.0,1511493.7,1344004.4000000001,18730.14,60228.5,0.0,0.0,0.0,0.0,0.0,0.0,0.0,0.0,2934456.74,0.28014628921222795
2025-04-10,19036.0,1697407.0,11699.0,3662082.0,2015810.0,0.0,14377.0,138631.0,6132.0,13955.0,907248.0,-24122.0,0.0,859854.0,0.0,1073367.0,1612536.65,1464832.8,11214.06,69315.5,0.0,0.0,0.0,0.0,0.0,0.0,0.0,0.0,3157899.0100000002,0.3038068475135241
2025-04-11,22017.0,1680809.0,11456.0,3786000.0,1993584.0,0.0,8624.0,121499.0,4469.0,11506.0,874017.0,-25392.0,0.0,848194.0,0.0,1121053.0,1596768.5499999998,1514400.0,6726.72,60749.5,0.0,0.0,0.0,0.0,0.0,0.0,0.0,0.0,3178644.77,0.30398041474103504
2025-04-12,15754.0,1482916.0,11690.0,3188578.0,1949433.0,0.0,7685.0,100965.0,5824.0,12083.0,837967.0,-20340.0,0.0,802963.0,0.0,1608582.0,1408770.2,1275431.2000000002,5994.3,50482.5,0.0,0.0,0.0,0.0,0.0,0.0,0.0,0.0,2740678.2,0.27398940423250867
2025-04-13,14626.0,1353753.0,11650.0,2840022.0,1938089.0,0.0,6675.0,98600.0,3224.0,12801.0,838772.0,-18546.0,0.0,800090.0,0.0,1831859.0,1286065.3499999999,1136008.8,5206.5,49300.0,0.0,0.0,0.0,0.0,0.0,0.0,0.0,0.0,2476580.65,0.25446994552475766
2025-04-14,18963.0,1460456.0,11580.0,3160041.0,1899768.0,0.0,9440.0,108777.0,1332.0,12557.0,870471.0,-22802.0,0.0,837427.0,0.0,1835136.0,1387433.2,1264016.4000000001,7363.2,54388.5,0.0,0.0,0.0,0.0,0.0,0.0,0.0,0.0,2713201.3000000003,0.2658527876658162
2025-04-15,21061.0,1495141.0,11577.0,3342383.0,1891267.0,0.0,17673.0,103711.0,10504.0,10886.0,836123.0,-27245.0,0.0,814646.0,0.0,1797560.0,1420383.95,1336953.2000000002,13784.94,51855.5,0.0,0.0,0.0,0.0,0.0,0.0,0.0,0.0,2822977.5900000003,0.27351871098899944
2025-04-16,21633.0,1453774.0,11435.0,3327010.0,1906389.0,0.0,19212.0,86674.0,13729.0,13141.0,937660.0,-24145.0,0.0,797519.0,0.0,1718118.0,1381085.3,1330804.0,14985.36,43337.0,0.0,0.0,0.0,0.0,0.0,0.0,0.0,0.0,2770211.6599999997,0.26971375723254715
2025-04-17,21132.0,1423690.0,11644.0,3150778.0,1923991.0,0.0,19342.0,99338.0,3890.0,11822.0,880954.0,-24357.0,0.0,819413.0,0.0,2044609.0,1352505.5,1260311.2000000002,15086.76,49669.0,0.0,0.0,0.0,0.0,0.0,0.0,0.0,0.0,2677572.46,0.257816337863043
2025-04-18,15918.0,1422523.0,11897.0,3100423.0,1924231.0,0.0,11477.0,105038.0,1899.0,11430.0,789646.0,-19276.0,0.0,805137.0,0.0,2026362.0,1351396.8499999999,1240169.2,8952.06,52519.0,0.0,0.0,0.0,0.0,0.0,0.0,0.0,0.0,2653037.11,0.25989366060341507
2025-04-19,14382.0,1537370.0,12049.0,3326025.0,1916821.0,0.0,11614.0,93180.0,-1552.0,11473.0,709595.0,-19285.0,0.0,744045.0,0.0,1499679.0,1460501.5,1330410.0,9058.92,46590.0,0.0,0.0,0.0,0.0,0.0,0.0,0.0,0.0,2846560.42,0.2886436248124211
2025-04-20,16521.0,1414225.0,12194.0,3171313.0,1909720.0,0.0,12739.0,108873.0,5480.0,11174.0,813746.0,-22295.0,0.0,718696.0,0.0,1478796.0,1343513.75,1268525.2000000002,9936.42,54436.5,0.0,0.0,0.0,0.0,0.0,0.0,0.0,0.0,2676411.87,0.2773059654295364
2025-04-21,19678.0,1527522.0,12100.0,3598885.0,1904254.0,21.0,10433.0,113450.0,12543.0,9716.0,895176.0,-24811.0,0.0,748047.0,0.0,1295221.0,1451145.9,1439554.0,8137.740000000001,56725.0,0.0,0.0,0.0,0.0,0.0,0.0,0.0,0.0,2955562.64,0.2922016719256251
2025-04-22,22370.0,1551983.0,11949.0,3588333.0,1926919.0,0.0,9770.0,124048.0,6065.0,9984.0,901939.0,-25078.0,0.0,793135.0,0.0,1511407.0,1474383.8499999999,1435333.2000000002,7620.6,62024.0,0.0,0.0,0.0,0.0,0.0,0.0,0.0,0.0,2979361.65,0.28566768081245186
2025-04-23,20975.0,1651874.0,11862.0,3813842.0,1926941.0,0.0,13079.0,103936.0,9573.0,10540.0,876205.0,-25896.0,0.0,801839.0,0.0,1260429.0,1569280.2999999998,1525536.8,10201.62,51968.0,0.0,0.0,0.0,0.0,0.0,0.0,0.0,0.0,3156986.7199999997,0.3015111550523578
2025-04-24,21508.0,1655917.0,11877.0,3919595.0,1928035.0,0.0,18727.0,121070.0,2662.0,9902.0,816728.0,-26589.0,0.0,792928.0,0.0,1204738.0,1573121.15,1567838.0,14607.060000000001,60535.0,0.0,0.0,0.0,0.0,0.0,0.0,0.0,0.0,3216101.21,0.3068940305168645
2025-04-25,21205.0,1626249.0,4421.0,3996529.0,1928415.0,0.0,15005.0,110047.0,7671.0,7289.0,745933.0,-25020.0,0.0,805746.0,0.0,1248562.0,1544936.5499999998,1598611.6,11703.9,55023.5,0.0,0.0,0.0,0.0,0.0,0.0,0.0,0.0,3210275.55,0.30608462599287806
2025-04-26,21766.0,1402448.0,8288.0,3613404.0,1890911.0,0.0,11356.0,105456.0,2072.0,11419.0,793464.0,-23889.0,0.0,737554.0,0.0,1515441.0,1332325.5999999999,1445361.6,8857.68,52728.0,0.0,0.0,0.0,0.0,0.0,0.0,0.0,0.0,2839272.8800000004,0.28140195868258666
2025-04-27,18813.0,1330417.0,12010.0,3196697.0,1903127.0,0.0,8972.0,102402.0,-23844.0,11310.0,832936.0,-24523.0,0.0,700939.0,0.0,1679678.0,1263896.15,1278678.8,6998.16,51201.0,0.0,0.0,0.0,0.0,0.0,0.0,0.0,0.0,2600774.1100000003,0.265968942233196
2025-04-28,18618.0,1342757.0,12090.0,3403212.0,1900503.0,0.0,8270.0,97337.0,-2771.0,11859.0,865742.0,-22739.0,0.0,728363.0,0.0,2048694.0,1275619.15,1361284.8,6450.6,48668.5,0.0,0.0,0.0,0.0,0.0,0.0,0.0,0.0,2692023.0500000003,0.2583806267250623
2025-04-29,19310.0,1479049.0,11944.0,3787209.0,1893280.0,0.0,12491.0,99661.0,12411.0,11092.0,811385.0,-23476.0,0.0,728409.0,0.0,1797782.0,1405096.55,1514883.6,9742.98,49830.5,0.0,0.0,0.0,0.0,0.0,0.0,0.0,0.0,2979553.6300000004,0.2802359855843072
2025-04-30,19838.0,1658595.0,11736.0,4061646.0,1896958.0,0.0,17363.0,127411.0,8226.0,12931.0,840692.0,-23949.0,0.0,775401.0,0.0,1229358.0,1575665.25,1624658.4000000001,13543.140000000001,63705.5,0.0,0.0,0.0,0.0,0.0,0.0,0.0,0.0,3277572.2900000005,0.3082716551240956
2025-05-01,23297.0,1717287.0,11795.0,4260505.0,1904087.0,0.0,19513.0,107721.0,4982.0,9651.0,835120.0,-28264.0,0.0,805177.0,0.0,1019577.0,1631422.65,1704202.0,15220.140000000001,53860.5,0.0,0.0,0.0,0.0,0.0,0.0,0.0,0.0,3404705.29,0.31848151426607324
2025-05-02,17205.0,1654529.0,11691.0,4057830.0,1911753.0,0.0,23795.0,116914.0,-282.0,10874.0,808263.0,-20582.0,0.0,808877.0,0.0,1302758.0,1571802.5499999998,1623132.0,18560.100000000002,58457.0,0.0,0.0,0.0,0.0,0.0,0.0,0.0,0.0,3271951.65,0.30558184970156765
2025-05-03,16310.0,1565499.0,11678.0,3848577.0,1931562.0,0.0,15734.0,122055.0,-72.0,8379.0,849229.0,-22321.0,0.0,743198.0,0.0,876709.0,1487224.05,1539430.8,12272.52,61027.5,0.0,0.0,0.0,0.0,0.0,0.0,0.0,0.0,3099954.87,0.310846584949592
2025-05-04,18256.0,1403125.0,11721.0,3374914.0,1944762.0,0.0,10578.0,108036.0,-18281.0,10359.0,773923.0,-20625.0,0.0,736030.0,0.0,1246737.0,1332968.75,1349965.6,8250.84,54018.0,0.0,0.0,0.0,0.0,0.0,0.0,0.0,0.0,2745203.19,0.2853586692979397
2025-05-05,14110.0,1536592.0,12001.0,3633250.0,1948849.0,0.0,10430.0,112802.0,6135.0,11231.0,675636.0,-18411.0,0.0,807215.0,0.0,1387531.0,1459762.4,1453300.0,8135.400000000001,56401.0,0.0,0.0,0.0,0.0,0.0,0.0,0.0,0.0,2977598.8,0.29377809976915875
2025-05-06,13551.0,1620370.0,11831.0,3908987.0,1950532.0,0.0,11233.0,110412.0,6621.0,9257.0,732060.0,-19714.0,0.0,838220.0,0.0,1123928.0,1539351.5,1563594.8,8761.74,55206.0,0.0,0.0,0.0,0.0,0.0,0.0,0.0,0.0,3166914.04,0.3069658063571853
2025-05-07,20001.0,1705946.0,11728.0,4138454.0,1948630.0,0.0,12727.0,92621.0,4237.0,10401.0,862419.0,-24149.0,0.0,843731.0,0.0,700593.0,1620648.7,1655381.6,9927.06,46310.5,0.0,0.0,0.0,0.0,0.0,0.0,0.0,0.0,3332267.86,0.3226674923140236
2025-05-08,20589.0,1721322.0,11819.0,4132163.0,1950372.0,0.0,14598.0,112963.0,15641.0,12902.0,922081.0,-24708.0,0.0,826223.0,0.0,841956.0,1635255.9,1652865.2000000002,11386.44,56481.5,0.0,0.0,0.0,0.0,0.0,0.0,0.0,0.0,3355989.04,0.31821184083780635
2025-05-09,20488.0,1749925.0,11581.0,4271514.0,1951894.0,0.0,11559.0,108365.0,10469.0,11418.0,945697.0,-26552.0,0.0,876771.0,0.0,678672.0,1662428.75,1708605.6,9016.02,54182.5,0.0,0.0,0.0,0.0,0.0,0.0,0.0,0.0,3434232.87,0.32345340326385114
2025-05-10,19901.0,1542800.0,11320.0,3702570.0,1938808.0,0.0,9577.0,95617.0,-7755.0,9816.0,959647.0,-22445.0,0.0,822559.0,0.0,857995.0,1465660.0,1481028.0,7470.06,47808.5,0.0,0.0,0.0,0.0,0.0,0.0,0.0,0.0,3001966.56,0.3016836850519898
2025-05-11,17207.0,1418517.0,11488.0,3408155.0,1952724.0,0.0,7780.0,100524.0,-3542.0,9049.0,903632.0,-20314.0,0.0,815237.0,0.0,1013863.0,1347591.15,1363262.0,6068.400000000001,50262.0,0.0,0.0,0.0,0.0,0.0,0.0,0.0,0.0,2767183.55,0.2870233842677017
2025-05-12,19207.0,1665802.0,11714.0,3796535.0,1959443.0,0.0,8505.0,95282.0,14760.0,11158.0,866355.0,-22859.0,0.0,864323.0,0.0,1180248.0,1582511.9,1518614.0,6633.900000000001,47641.0,0.0,0.0,0.0,0.0,0.0,0.0,0.0,0.0,3155400.8,0.3016818707445433
2025-05-13,16250.0,1713044.0,12072.0,3829131.0,1950078.0,0.0,10279.0,117014.0,1673.0,12858.0,849425.0,-21570.0,0.0,854775.0,0.0,1635807.0,1627391.7999999998,1531652.4000000001,8017.62,58507.0,0.0,0.0,0.0,0.0,0.0,0.0,0.0,0.0,3225568.8200000003,0.2936477592982756
2025-05-14,15517.0,1811775.0,12046.0,4070809.0,1963411.0,0.0,11454.0,109765.0,-7413.0,14999.0,890696.0,-21225.0,0.0,838950.0,0.0,1579843.0,1721186.25,1628323.6,8934.12,54882.5,0.0,0.0,0.0,0.0,0.0,0.0,0.0,0.0,3413326.47,0.30196413348917545
2025-05-15,18124.0,1793559.0,12105.0,4259319.0,1987881.0,0.0,13453.0,134414.0,-5792.0,14671.0,922639.0,-21564.0,0.0,860900.0,0.0,1694572.0,1703881.0499999998,1703727.6,10493.34,67207.0,0.0,0.0,0.0,0.0,0.0,0.0,0.0,0.0,3485308.9899999998,0.298054912155141
2025-05-16,19856.0,1761737.0,12012.0,4471697.0,2006084.0,0.0,21393.0,127370.0,13619.0,12385.0,898874.0,-25795.0,0.0,889383.0,0.0,1673242.0,1673650.15,1788678.8,16686.54,63685.0,0.0,0.0,0.0,0.0,0.0,0.0,0.0,0.0,3542700.49,0.29835335029956184
2025-05-17,22641.0,1588432.0,11980.0,4096421.0,1999630.0,0.0,14366.0,117795.0,7120.0,12677.0,835963.0,-24788.0,0.0,850327.0,0.0,1616504.0,1509010.4,1638568.4000000001,11205.48,58897.5,0.0,0.0,0.0,0.0,0.0,0.0,0.0,0.0,3217681.78,0.2887342381772589
2025-05-18,16765.0,1469807.0,12048.0,3700342.0,2027937.0,0.0,13684.0,95116.0,-6648.0,13246.0,813961.0,-21601.0,0.0,754654.0,0.0,1705475.0,1396316.65,1480136.8,10673.52,47558.0,0.0,0.0,0.0,0.0,0.0,0.0,0.0,0.0,2934684.97,0.27669340588161534
2025-05-19,15035.0,1470498.0,11962.0,3861254.0,2061321.0,0.0,13927.0,105973.0,7073.0,15169.0,881896.0,-18337.0,0.0,824013.0,0.0,1924310.0,1396973.0999999999,1544501.6,10863.06,52986.5,0.0,0.0,0.0,0.0,0.0,0.0,0.0,0.0,3005324.2600000002,0.2690454215155641
2025-05-20,14892.0,1606170.0,11282.0,4197378.0,2045615.0,0.0,13267.0,102015.0,9790.0,14864.0,931293.0,-15814.0,0.0,842961.0,0.0,1698740.0,1525861.5,1678951.2000000002,10348.26,51007.5,0.0,0.0,0.0,0.0,0.0,0.0,0.0,0.0,3266168.46,0.2849168440762641
2025-05-21,13302.0,1675544.0,11013.0,4335335.0,2048460.0,0.0,11193.0,120613.0,4417.0,14710.0,928628.0,-23785.0,0.0,853598.0,0.0,1459650.0,1591766.7999999998,1734134.0,8730.54,60306.5,0.0,0.0,0.0,0.0,0.0,0.0,0.0,0.0,3394937.84,0.29627486572699413
2025-05-22,22945.0,1633825.0,10996.0,4346764.0,2037989.0,0.0,11829.0,101942.0,-2467.0,16186.0,978698.0,-18228.0,0.0,862962.0,0.0,1413620.0,1552133.75,1738705.6,9226.62,50971.0,0.0,0.0,0.0,0.0,0.0,0.0,0.0,0.0,3351036.97,0.29356920320450336
2025-05-23,19827.0,1564677.0,11590.0,4150403.0,2047750.0,0.0,10510.0,100914.0,2463.0,16267.0,1017757.0,-15568.0,0.0,855081.0,0.0,1370202.0,1486443.15,1660161.2000000002,8197.800000000001,50457.0,0.0,0.0,0.0,0.0,0.0,0.0,0.0,0.0,3205259.15,0.287592258732071
2025-05-24,9446.0,1471560.0,12017.0,3817343.0,2040399.0,0.0,9562.0,97025.0,-7393.0,14365.0,942498.0,-16044.0,0.0,803016.0,0.0,1398409.0,1397982.0,1526937.2000000002,7458.360000000001,48512.5,0.0,0.0,0.0,0.0,0.0,0.0,0.0,0.0,2980890.06,0.2810518136854747
2025-05-25,11171.0,1447946.0,12100.0,3727137.0,2051714.0,0.0,8094.0,95781.0,7570.0,14078.0,861795.0,-21706.0,0.0,774843.0,0.0,1373692.0,1375548.7,1490854.8,6313.320000000001,47890.5,0.0,0.0,0.0,0.0,0.0,0.0,0.0,0.0,2920607.32,0.2817166596895202
2025-05-26,17132.0,1488272.0,11871.0,3849967.0,2062486.0,0.0,8232.0,103909.0,6765.0,12250.0,823757.0,-13701.0,0.0,751677.0,0.0,1296513.0,1413858.4,1539986.8,6420.96,51954.5,0.0,0.0,0.0,0.0,0.0,0.0,0.0,0.0,3012220.66,0.28938800649518964
2025-05-27,17162.0,1606459.0,11907.0,4241782.0,2090112.0,0.0,8748.0,113094.0,826.0,12345.0,801518.0,-17548.0,0.0,845336.0,0.0,1043353.0,1526136.0499999998,1696712.8,6823.4400000000005,56547.0,0.0,0.0,0.0,0.0,0.0,0.0,0.0,0.0,3286219.2899999996,0.3049953427738839
2025-05-28,17083.0,1802275.0,11864.0,4601321.0,2092902.0,0.0,10221.0,116172.0,3234.0,14946.0,784987.0,-25691.0,0.0,883676.0,0.0,693632.0,1712161.25,1840528.4000000001,7972.38,58086.0,0.0,0.0,0.0,0.0,0.0,0.0,0.0,0.0,3618748.0300000003,0.32861871998500547
2025-05-29,14862.0,1835388.0,11587.0,4671667.0,2061551.0,0.0,9331.0,109612.0,3267.0,11634.0,815744.0,-22838.0,0.0,855847.0,0.0,783651.0,1743618.5999999999,1868666.8,7278.18,54806.0,0.0,0.0,0.0,0.0,0.0,0.0,0.0,0.0,3674369.58,0.32906731427478314
2025-05-30,17998.0,1719771.0,11373.0,4713942.0,2088526.0,0.0,8569.0,108979.0,3175.0,13272.0,852390.0,-23975.0,0.0,880675.0,0.0,831205.0,1633782.45,1885576.8,6683.820000000001,54489.5,0.0,0.0,0.0,0.0,0.0,0.0,0.0,0.0,3580532.57,0.3188732384206117
2025-05-31,23456.0,1510818.0,11351.0,4314169.0,2093576.0,0.0,8401.0,92856.0,929.0,15434.0,1006146.0,-26253.0,0.0,873136.0,0.0,780604.0,1435277.0999999999,1725667.6,6552.780000000001,46428.0,0.0,0.0,0.0,0.0,0.0,0.0,0.0,0.0,3213925.48,0.3001847645507758
2025-06-01,18931.0,1562997.0,11157.0,4067005.0,2133559.0,0.0,7752.0,95643.0,5657.0,13626.0,935206.0,-23088.0,0.0,846563.0,0.0,800804.0,1484847.15,1626802.0,6046.56,47821.5,0.0,0.0,0.0,0.0,0.0,0.0,0.0,0.0,3165517.21,0.3022171966998883
2025-06-02,18045.0,1563039.0,11311.0,4138934.0,2149144.0,0.0,8063.0,99313.0,-4611.0,13145.0,948893.0,-23218.0,0.0,874237.0,0.0,1400620.0,1484887.05,1655573.6,6289.14,49656.5,0.0,0.0,0.0,0.0,0.0,0.0,0.0,0.0,3196406.2900000005,0.2852228198508767
2025-06-03,19377.0,1662391.0,11472.0,4255845.0,2126117.0,0.0,10227.0,98610.0,-4149.0,13598.0,934901.0,-23380.0,0.0,865412.0,0.0,1718670.0,1579271.45,1702338.0,7977.06,49305.0,0.0,0.0,0.0,0.0,0.0,0.0,0.0,0.0,3338891.5100000002,0.2854426047231814
2025-06-04,17685.0,1913728.0,11673.0,4853349.0,2141855.0,0.0,13859.0,102756.0,-1432.0,12438.0,833358.0,-21685.0,0.0,838459.0,0.0,1062474.0,1818041.5999999999,1941339.6,10810.02,51378.0,0.0,0.0,0.0,0.0,0.0,0.0,0.0,0.0,3821569.22,0.32430293274351407
2025-06-05,19908.0,2060989.0,11241.0,5240629.0,2163015.0,0.0,15104.0,136263.0,6544.0,12591.0,825653.0,-23797.0,0.0,838234.0,0.0,741325.0,1957939.5499999998,2096251.6,11781.12,68131.5,0.0,0.0,0.0,0.0,0.0,0.0,0.0,0.0,4134103.77,0.34322031285232335
2025-06-06,23617.0,2148541.0,11368.0,5462187.0,2158139.0,0.0,28402.0,134235.0,9686.0,13785.0,948046.0,-29763.0,0.0,835919.0,0.0,674208.0,2041113.95,2184874.8000000003,22153.56,67117.5,0.0,0.0,0.0,0.0,0.0,0.0,0.0,0.0,4315259.81,0.3475891180145036
2025-06-07,19566.0,2001855.0,11759.0,4948046.0,2192934.0,0.0,14783.0,127553.0,1092.0,13501.0,983800.0,-24508.0,0.0,785693.0,0.0,931193.0,1901762.25,1979218.4000000001,11530.74,63776.5,0.0,0.0,0.0,0.0,0.0,0.0,0.0,0.0,3956287.8900000006,0.3293855092744497
2025-06-08,18980.0,1844135.0,11709.0,4638408.0,2179630.0,0.0,8613.0,120708.0,-8914.0,12922.0,981729.0,-24004.0,0.0,757321.0,0.0,1093832.0,1751928.25,1855363.2000000002,6718.14,60354.0,0.0,0.0,0.0,0.0,0.0,0.0,0.0,0.0,3674363.5900000003,0.31542290171170817
2025-06-09,14535.0,1927579.0,10520.0,4758181.0,2199820.0,0.0,11693.0,120404.0,3448.0,13611.0,982953.0,-19781.0,0.0,800879.0,0.0,1271623.0,1831200.0499999998,1903272.4000000001,9120.54,60202.0,0.0,0.0,0.0,0.0,0.0,0.0,0.0,0.0,3803794.99,0.3144343468435794
2025-06-10,24312.0,2092159.0,10712.0,5064523.0,2229059.0,0.0,13335.0,121312.0,-4441.0,12114.0,907203.0,-27164.0,0.0,802234.0,0.0,865517.0,1987551.0499999998,2025809.2000000002,10401.300000000001,60656.0,0.0,0.0,0.0,0.0,0.0,0.0,0.0,0.0,4084417.55,0.3370490943845637
2025-06-11,23302.0,2074413.0,11570.0,4936512.0,2229676.0,0.0,14419.0,127413.0,-1895.0,14538.0,925335.0,-28466.0,0.0,788563.0,0.0,1103994.0,1970692.3499999999,1974604.8,11246.82,63706.5,0.0,0.0,0.0,0.0,0.0,0.0,0.0,0.0,4020250.4699999997,0.3288163007150164
2025-06-12,24230.0,2162450.0,11585.0,5116812.0,2238844.0,0.0,17499.0,145964.0,-2596.0,14115.0,911528.0,-28991.0,0.0,773233.0,0.0,1107161.0,2054327.5,2046724.8,13649.220000000001,72982.0,0.0,0.0,0.0,0.0,0.0,0.0,0.0,0.0,4187683.52,0.33503636515355273
2025-06-13,21234.0,2130478.0,11695.0,5007819.0,2257593.0,0.0,20738.0,156919.0,5171.0,14825.0,947022.0,-25090.0,0.0,809404.0,0.0,1109892.0,2023954.0999999999,2003127.6,16175.640000000001,78459.5,0.0,0.0,0.0,0.0,0.0,0.0,0.0,0.0,4121716.8400000003,0.3306264678974699
2025-06-14,19754.0,1997637.0,11682.0,4717248.0,2256155.0,0.0,12880.0,125806.0,-5000.0,12450.0,883679.0,-25877.0,0.0,768725.0,0.0,1166797.0,1897755.15,1886899.2000000002,10046.4,62903.0,0.0,0.0,0.0,0.0,0.0,0.0,0.0,0.0,3857603.75,0.3227294159595464
2025-06-15,17902.0,1973349.0,11601.0,4548276.0,2265859.0,0.0,6575.0,124829.0,-9280.0,14123.0,885252.0,-23103.0,0.0,760746.0,0.0,1046620.0,1874681.5499999998,1819310.4000000001,5128.5,62414.5,0.0,0.0,0.0,0.0,0.0,0.0,0.0,0.0,3761534.95,0.32323284407028136
2025-06-16,20394.0,2142689.0,11178.0,5096638.0,2264372.0,0.0,4720.0,134776.0,6299.0,11617.0,948184.0,-24070.0,0.0,800666.0,0.0,857339.0,2035554.5499999998,2038655.2000000002,3681.6,67388.0,0.0,0.0,0.0,0.0,0.0,0.0,0.0,0.0,4145279.35,0.3377785925384563
2025-06-17,21410.0,2229726.0,10979.0,5294850.0,2246153.0,0.0,13278.0,141851.0,-4469.0,11139.0,958847.0,-27298.0,0.0,803424.0,0.0,1187113.0,2118239.6999999997,2117940.0,10356.84,70925.5,0.0,0.0,0.0,0.0,0.0,0.0,0.0,0.0,4317462.039999999,0.33475548794481963
2025-06-18,20716.0,2381512.0,11345.0,5505246.0,2235998.0,0.0,21581.0,150721.0,-6586.0,12430.0,987132.0,-25357.0,0.0,821542.0,0.0,1073646.0,2262436.4,2202098.4,16833.18,75360.5,0.0,0.0,0.0,0.0,0.0,0.0,0.0,0.0,4556728.4799999995,0.34517655238144723
2025-06-19,21700.0,2396089.0,11301.0,5485726.0,2245939.0,0.0,17699.0,156752.0,3910.0,9519.0,1012465.0,-25044.0,0.0,815800.0,0.0,1147364.0,2276284.55,2194290.4,13805.220000000001,78376.0,0.0,0.0,0.0,0.0,0.0,0.0,0.0,0.0,4562756.169999999,0.34309909634463753
2025-06-20,21459.0,2310599.0,11351.0,4760409.0,2237734.0,0.0,10860.0,133409.0,-6854.0,11254.0,1008001.0,-26909.0,0.0,769943.0,0.0,1931907.0,2195069.05,1904163.6,8470.800000000001,66704.5,0.0,0.0,0.0,0.0,0.0,0.0,0.0,0.0,4174407.9499999997,0.31659158905786194
2025-06-21,19673.0,2230652.0,11738.0,4566121.0,2256541.0,0.0,11114.0,142968.0,-1718.0,12238.0,1014196.0,-26874.0,0.0,714571.0,0.0,2219868.0,2119119.4,1826448.4000000001,8668.92,71484.0,0.0,0.0,0.0,0.0,0.0,0.0,0.0,0.0,4025720.7199999997,0.3054414705546059
2025-06-22,17379.0,2251741.0,11620.0,4912909.0,2250017.0,0.0,19316.0,146179.0,-8433.0,12082.0,991706.0,-21679.0,0.0,708883.0,0.0,2132758.0,2139153.9499999997,1965163.6,15066.480000000001,73089.5,0.0,0.0,0.0,0.0,0.0,0.0,0.0,0.0,4192473.53,0.3120047404182311
2025-06-23,18446.0,2578141.0,11483.0,5744852.0,2232765.0,0.0,54760.0,178569.0,3354.0,12387.0,1043962.0,-22407.0,0.0,787179.0,0.0,1787145.0,2449233.9499999997,2297940.8000000003,42712.8,89284.5,0.0,0.0,0.0,0.0,0.0,0.0,0.0,0.0,4879172.05,0.33809783744892935
2025-06-24,21091.0,2782414.0,11609.0,6402550.0,2193754.0,0.0,110697.0,189983.0,5943.0,12349.0,1022194.0,-24619.0,0.0,816170.0,0.0,1155631.0,2643293.3,2561020.0,86343.66,94991.5,0.0,0.0,0.0,0.0,0.0,0.0,0.0,0.0,5385648.46,0.36643667692225623
2025-06-25,19840.0,2704796.0,11541.0,6384571.0,2185816.0,58.0,127388.0,187146.0,16494.0,14252.0,977665.0,-24069.0,0.0,785257.0,0.0,1200667.0,2569556.1999999997,2553828.4000000004,99362.64,93573.0,0.0,0.0,0.0,0.0,0.0,0.0,0.0,0.0,5316320.239999999,0.3646535523217175
2025-06-26,16949.0,2665840.0,11428.0,6110431.0,2205196.0,23.0,66353.0,171325.0,-16677.0,12269.0,976064.0,-22917.0,0.0,770834.0,0.0,1087451.0,2532548.0,2444172.4,51755.340000000004,85662.5,0.0,0.0,0.0,0.0,0.0,0.0,0.0,0.0,5114138.24,0.3632925233450338
2025-06-27,21144.0,2658134.0,11399.0,5678513.0,2240727.0,-7.0,29672.0,150495.0,3682.0,12660.0,969657.0,-24641.0,0.0,739503.0,0.0,992336.0,2525227.3,2271405.2,23144.16,75247.5,0.0,0.0,0.0,0.0,0.0,0.0,0.0,0.0,4895024.16,0.36304897332185426
2025-06-28,19823.0,2385384.0,11522.0,5300543.0,2212031.0,0.0,20590.0,149887.0,-11683.0,15364.0,1035571.0,-25551.0,0.0,697545.0,0.0,1179076.0,2266114.8,2120217.2,16060.2,74943.5,0.0,0.0,0.0,0.0,0.0,0.0,0.0,0.0,4477335.7,0.3442115106861704
2025-06-29,19877.0,2402308.0,11432.0,5458428.0,2232275.0,0.0,26190.0,152076.0,-14199.0,10585.0,977953.0,-23946.0,0.0,710279.0,0.0,1099099.0,2282192.6,2183371.2,20428.2,76038.0,0.0,0.0,0.0,0.0,0.0,0.0,0.0,0.0,4562030.000000001,0.3487623871183526
2025-06-30,18510.0,2638997.0,4163.0,6047579.0,2254258.0,0.0,33060.0,164575.0,4762.0,12116.0,930389.0,-23755.0,0.0,743594.0,0.0,852671.0,2507047.15,2419031.6,25786.8,82287.5,0.0,0.0,0.0,0.0,0.0,0.0,0.0,0.0,5034153.05,0.3679559339020957
2025-07-01,19531.0,2736677.0,7740.0,6271742.0,2277057.0,-16.0,34773.0,193502.0,10891.0,13491.0,909182.0,-23399.0,0.0,788037.0,0.0,659884.0,2599843.15,2508696.8000000003,27122.940000000002,96751.0,0.0,0.0,0.0,0.0,0.0,0.0,0.0,0.0,5232413.890000001,0.37664712604335493
2025-07-02,21896.0,2639593.0,11124.0,6112785.0,2290643.0,25.0,23958.0,167023.0,-5434.0,14456.0,877798.0,-28540.0,0.0,781381.0,0.0,744191.0,2507613.35,2445114.0,18687.24,83511.5,0.0,0.0,0.0,0.0,0.0,0.0,0.0,0.0,5054926.09,0.36997320125255506
2025-07-03,16176.0,2561904.0,11285.0,5791575.0,2297130.0,0.0,21192.0,180369.0,-8021.0,16360.0,869176.0,-19179.0,0.0,771369.0,0.0,1085197.0,2433808.8,2316630.0,16529.760000000002,90184.5,0.0,0.0,0.0,0.0,0.0,0.0,0.0,0.0,4857153.06,0.35699773702759835
2025-07-04,15663.0,2343755.0,11194.0,5066801.0,2298916.0,0.0,16454.0,154851.0,2262.0,17308.0,933201.0,-20685.0,0.0,688088.0,0.0,1324237.0,2226567.25,2026720.4000000001,12834.12,77425.5,0.0,0.0,0.0,0.0,0.0,0.0,0.0,0.0,4343547.2700000005,0.33789289452465443
2025-07-05,15073.0,2359188.0,11233.0,5008693.0,2284447.0,0.0,21341.0,161487.0,-13060.0,18967.0,996823.0,-21137.0,0.0,636458.0,0.0,1101771.0,2241228.6,2003477.2000000002,16645.98,80743.5,0.0,0.0,0.0,0.0,0.0,0.0,0.0,0.0,4342095.280000001,0.3445995780454094
2025-07-06,20495.0,2570197.0,4162.0,5436605.0,2283054.0,0.0,23954.0,164359.0,-7008.0,14602.0,944657.0,-24225.0,0.0,643889.0,0.0,786455.0,2441687.15,2174642.0,18684.12,82179.5,0.0,0.0,0.0,0.0,0.0,0.0,0.0,0.0,4717192.7700000005,0.36647117441714666
2025-07-07,21571.0,2844138.0,663.0,6216472.0,2296879.0,0.0,35309.0,172717.0,3861.0,13320.0,949917.0,-26697.0,0.0,687001.0,0.0,587089.0,2701931.1,2486588.8000000003,27541.02,86358.5,0.0,0.0,0.0,0.0,0.0,0.0,0.0,0.0,5302419.42,0.3841357263970274
2025-07-08,24168.0,2825561.0,7652.0,6517731.0,2298283.0,0.0,48378.0,176811.0,19309.0,13055.0,960982.0,-27049.0,0.0,705419.0,0.0,588972.0,2684282.9499999997,2607092.4000000004,37734.840000000004,88405.5,0.0,0.0,0.0,0.0,0.0,0.0,0.0,0.0,5417515.6899999995,0.383057020921676
2025-07-09,20010.0,2733243.0,11082.0,6436067.0,2312855.0,0.0,41638.0,171737.0,15017.0,13822.0,901310.0,-27071.0,0.0,659629.0,0.0,733304.0,2596580.85,2574426.8000000003,32477.64,85868.5,0.0,0.0,0.0,0.0,0.0,0.0,0.0,0.0,5289353.79,0.3774150496546944
2025-07-10,18813.0,2587713.0,10999.0,6003976.0,2320659.0,0.0,28742.0,160875.0,-7422.0,17648.0,1014146.0,-27580.0,0.0,650836.0,0.0,1201735.0,2458327.35,2401590.4,22418.760000000002,80437.5,0.0,0.0,0.0,0.0,0.0,0.0,0.0,0.0,4962774.01,0.3545515012185539
2025-07-11,23004.0,2638269.0,10193.0,6141006.0,2278423.0,0.0,27129.0,180470.0,-5131.0,16620.0,1012548.0,-25387.0,0.0,669365.0,0.0,1347548.0,2506355.55,2456402.4,21160.62,90235.0,0.0,0.0,0.0,0.0,0.0,0.0,0.0,0.0,5074153.569999999,0.3543014638547684
2025-07-12,23066.0,2507257.0,10360.0,6036788.0,2268640.0,0.0,25254.0,161825.0,-15659.0,13711.0,937076.0,-30225.0,0.0,650283.0,0.0,1090903.0,2381894.15,2414715.2,19698.12,80912.5,0.0,0.0,0.0,0.0,0.0,0.0,0.0,0.0,4897219.97,0.3574066049890028
2025-07-13,22535.0,2547502.0,10589.0,5997506.0,2279294.0,0.0,21247.0,168343.0,-9096.0,17186.0,927615.0,-29063.0,0.0,672787.0,0.0,586109.0,2420126.9,2399002.4,16572.66,84171.5,0.0,0.0,0.0,0.0,0.0,0.0,0.0,0.0,4919873.46,0.37192374187888916
2025-07-14,20767.0,2673838.0,10549.0,6408913.0,2261884.0,0.0,29767.0,170098.0,-1575.0,13345.0,928952.0,-25854.0,0.0,711432.0,0.0,679520.0,2540146.1,2563565.2,23218.260000000002,85049.0,0.0,0.0,0.0,0.0,0.0,0.0,0.0,0.0,5211978.5600000005,0.37527842216519264
2025-07-15,22979.0,2678502.0,10842.0,6272966.0,2268211.0,53.0,35367.0,157826.0,-1921.0,13866.0,959923.0,-27021.0,0.0,711320.0,0.0,1144843.0,2544576.9,2509186.4,27586.260000000002,78913.0,0.0,0.0,0.0,0.0,0.0,0.0,0.0,0.0,5160262.56,0.36203055129817124
2025-07-16,17273.0,2798177.0,10928.0,6278128.0,2272020.0,0.0,58189.0,168855.0,-6040.0,14151.0,921225.0,-22626.0,0.0,748994.0,0.0,1273253.0,2658268.15,2511251.2,45387.42,84427.5,0.0,0.0,0.0,0.0,0.0,0.0,0.0,0.0,5299334.27,0.36436767185188035
2025-07-17,20469.0,2785500.0,10909.0,6223563.0,2280762.0,0.0,68576.0,152659.0,273.0,16282.0,933824.0,-26123.0,0.0,754324.0,0.0,1067707.0,2646225.0,2489425.2,53489.28,76329.5,0.0,0.0,0.0,0.0,0.0,0.0,0.0,0.0,5265468.98,0.36836644278417974
2025-07-18,20746.0,2701902.0,10869.0,6013604.0,2305840.0,0.0,37340.0,156809.0,10116.0,16092.0,939801.0,-26373.0,0.0,751959.0,0.0,975070.0,2566806.9,2405441.6,29125.2,78404.5,0.0,0.0,0.0,0.0,0.0,0.0,0.0,0.0,5079778.2,0.3652076893091421
2025-07-19,20293.0,2497471.0,11055.0,5460809.0,2303318.0,-10.0,27352.0,148267.0,-4624.0,16851.0,958654.0,-25612.0,0.0,664694.0,0.0,1395469.0,2372597.4499999997,2184323.6,21334.56,74133.5,0.0,0.0,0.0,0.0,0.0,0.0,0.0,0.0,4652389.109999999,0.3450318756980526
2025-07-20,20791.0,2561701.0,11086.0,5484029.0,2307349.0,0.0,24450.0,144425.0,-2888.0,17794.0,961601.0,-26079.0,0.0,636649.0,0.0,1406298.0,2433615.9499999997,2193611.6,19071.0,72212.5,0.0,0.0,0.0,0.0,0.0,0.0,0.0,0.0,4718511.05,0.34809133744810733
2025-07-21,21137.0,2708394.0,10885.0,5743134.0,2306410.0,0.0,25636.0,154619.0,11753.0,14045.0,979420.0,-25614.0,0.0,687955.0,0.0,1358489.0,2572974.3,2297253.6,19996.08,77309.5,0.0,0.0,0.0,0.0,0.0,0.0,0.0,0.0,4967533.48,0.3551031593638625
2025-07-22,20970.0,2691616.0,11258.0,5623997.0,2295591.0,0.0,21824.0,139526.0,5369.0,14868.0,1004083.0,-25513.0,0.0,662230.0,0.0,1426584.0,2557035.1999999997,2249598.8000000003,17022.72,69763.0,0.0,0.0,0.0,0.0,0.0,0.0,0.0,0.0,4893419.72,0.35225804240943986
2025-07-23,20534.0,2642073.0,11100.0,5769884.0,2284447.0,0.0,23370.0,138481.0,-15132.0,14223.0,1030929.0,-26977.0,0.0,694708.0,0.0,1426254.0,2509969.35,2307953.6,18228.600000000002,69240.5,0.0,0.0,0.0,0.0,0.0,0.0,0.0,0.0,4905392.05,0.3494996889665746
2025-07-24,20393.0,2703893.0,11148.0,6188657.0,2285272.0,0.0,26673.0,151172.0,-8427.0,13511.0,1051928.0,-26265.0,0.0,697422.0,0.0,1244652.0,2568698.35,2475462.8000000003,20804.940000000002,75586.0,0.0,0.0,0.0,0.0,0.0,0.0,0.0,0.0,5140552.090000001,0.35762034162570944
2025-07-25,25014.0,2880604.0,11167.0,6713246.0,2288063.0,0.0,52134.0,156152.0,18425.0,13196.0,964050.0,-28046.0,0.0,697483.0,0.0,829950.0,2736573.8,2685298.4000000004,40664.520000000004,78076.0,0.0,0.0,0.0,0.0,0.0,0.0,0.0,0.0,5540612.72,0.3793369608268357
2025-07-26,22378.0,2741713.0,11226.0,6178641.0,2306084.0,0.0,43832.0,168262.0,-1098.0,16999.0,983172.0,-28406.0,0.0,657368.0,0.0,861017.0,2604627.35,2471456.4,34188.96,84131.0,0.0,0.0,0.0,0.0,0.0,0.0,0.0,0.0,5194403.71,0.3718704855861631
2025-07-27,21604.0,2616683.0,4128.0,5882157.0,2312872.0,0.0,31981.0,170244.0,-6863.0,16683.0,996042.0,-27567.0,0.0,593095.0,0.0,1288498.0,2485848.85,2352862.8000000003,24945.18,85122.0,0.0,0.0,0.0,0.0,0.0,0.0,0.0,0.0,4948778.83,0.3557103646442166
2025-07-28,22928.0,2765950.0,7662.0,6548448.0,2310853.0,0.0,53210.0,171453.0,1782.0,14497.0,1059007.0,-28120.0,0.0,657224.0,0.0,1234196.0,2627652.5,2619379.2,41503.8,85726.5,0.0,0.0,0.0,0.0,0.0,0.0,0.0,0.0,5374262.0,0.36257459942654746
2025-07-29,24420.0,2898016.0,10927.0,7037106.0,2295606.0,0.0,91482.0,170062.0,4346.0,12566.0,1042077.0,-31237.0,0.0,702074.0,0.0,961935.0,2753115.1999999997,2814842.4000000004,71355.96,85031.0,0.0,0.0,0.0,0.0,0.0,0.0,0.0,0.0,5724344.56,0.3760610033562935
2025-07-30,24463.0,2927071.0,10187.0,7024895.0,2284541.0,32.0,85819.0,177127.0,1364.0,12499.0,1024895.0,-30424.0,0.0,715679.0,0.0,800891.0,2780717.4499999997,2809958.0,66938.82,88563.5,0.0,0.0,0.0,0.0,0.0,0.0,0.0,0.0,5746177.77,0.3814610215457071
2025-07-31,28262.0,2781246.0,10230.0,6582263.0,2270370.0,19.0,48829.0,184795.0,10701.0,12328.0,936312.0,-27189.0,0.0,690961.0,0.0,870870.0,2642183.6999999997,2632905.2,38086.62,92397.5,0.0,0.0,0.0,0.0,0.0,0.0,0.0,0.0,5405573.0200000005,0.37569477191176887
2025-08-01,29623.0,2477742.0,10234.0,5901912.0,2249687.0,0.0,15391.0,144302.0,3773.0,12238.0,927778.0,-32557.0,0.0,650604.0,0.0,840511.0,2353854.9,2360764.8000000003,12004.98,72151.0,0.0,0.0,0.0,0.0,0.0,0.0,0.0,0.0,4798775.680000001,0.3627083113668757
2025-08-02,29925.0,2133265.0,10865.0,5285925.0,2239841.0,0.0,6664.0,121572.0,-16771.0,13036.0,949385.0,-30528.0,0.0,626687.0,0.0,772919.0,2026601.75,2114370.0,5197.92,60786.0,0.0,0.0,0.0,0.0,0.0,0.0,0.0,0.0,4206955.67,0.3459622254939265
2025-08-03,22860.0,1976675.0,11070.0,4898574.0,2265857.0,0.0,8037.0,113815.0,-18478.0,14641.0,982104.0,-24519.0,0.0,615361.0,0.0,1006395.0,1877841.25,1959429.6,6268.860000000001,56907.5,0.0,0.0,0.0,0.0,0.0,0.0,0.0,0.0,3900447.21,0.3279745805118491
2025-08-04,26685.0,2266134.0,11002.0,5571594.0,2273791.0,0.0,11745.0,140032.0,6740.0,12163.0,946510.0,-18344.0,0.0,655843.0,0.0,809885.0,2152827.3,2228637.6,9161.1,70016.0,0.0,0.0,0.0,0.0,0.0,0.0,0.0,0.0,4460642.0,0.3512676377320228
2025-08-05,22980.0,2218025.0,11064.0,5675299.0,2271462.0,0.0,16079.0,151249.0,13865.0,14516.0,946109.0,-25462.0,0.0,658647.0,0.0,1199958.0,2107123.75,2270119.6,12541.62,75624.5,0.0,0.0,0.0,0.0,0.0,0.0,0.0,0.0,4465409.47,0.3392547526258113
2025-08-06,29625.0,2221468.0,10954.0,5789921.0,2280154.0,0.0,14827.0,145719.0,2506.0,14773.0,978062.0,-28657.0,0.0,688449.0,0.0,1387812.0,2110394.6,2315968.4,11565.06,72859.5,0.0,0.0,0.0,0.0,0.0,0.0,0.0,0.0,4510787.56,0.3333388431791899
2025-08-07,26384.0,2385060.0,10760.0,6009634.0,2259458.0,0.0,15105.0,149274.0,3371.0,15853.0,971238.0,-29313.0,0.0,712339.0,0.0,1317527.0,2265807.0,2403853.6,11781.9,74637.0,0.0,0.0,0.0,0.0,0.0,0.0,0.0,0.0,4756079.5,0.34349229480795085
2025-08-08,26235.0,2349563.0,10412.0,5855262.0,2260721.0,0.0,12396.0,141064.0,-848.0,16575.0,1004409.0,-29426.0,0.0,718501.0,0.0,1596026.0,2232084.85,2342104.8000000003,9668.880000000001,70532.0,0.0,0.0,0.0,0.0,0.0,0.0,0.0,0.0,4654390.53,0.333291385154912
2025-08-09,23690.0,2326523.0,10301.0,5556767.0,2242662.0,0.0,11199.0,136501.0,447.0,15309.0,1012782.0,-27122.0,0.0,686414.0,0.0,1464352.0,2210196.85,2222706.8000000003,8735.220000000001,68250.5,0.0,0.0,0.0,0.0,0.0,0.0,0.0,0.0,4509889.37,0.3349887111234579
2025-08-10,24223.0,2359881.0,10295.0,5658189.0,2251036.0,0.0,13527.0,136962.0,5213.0,14957.0,947917.0,-27424.0,0.0,644382.0,0.0,1147034.0,2241886.9499999997,2263275.6,10551.06,68481.0,0.0,0.0,0.0,0.0,0.0,0.0,0.0,0.0,4584194.609999999,0.34770418865640484
2025-08-11,27227.0,2639712.0,9760.0,6443086.0,2257583.0,0.0,27998.0,152582.0,7830.0,14978.0,941825.0,-29635.0,0.0,701575.0,0.0,786727.0,2507726.4,2577234.4000000004,21838.440000000002,76291.0,0.0,0.0,0.0,0.0,0.0,0.0,0.0,0.0,5183090.240000001,0.3708611025924336
2025-08-12,32952.0,2765588.0,10247.0,6875002.0,2284411.0,0.0,56189.0,145803.0,1089.0,15077.0,962041.0,-33715.0,0.0,737877.0,0.0,585676.0,2627308.6,2750000.8000000003,43827.42,72901.5,0.0,0.0,0.0,0.0,0.0,0.0,0.0,0.0,5494038.32,0.3805286180251423
2025-08-13,31167.0,2773958.0,10100.0,6850230.0,2262631.0,0.0,59742.0,154993.0,4347.0,14599.0,931997.0,-31759.0,0.0,708245.0,0.0,667163.0,2635260.1,2740092.0,46598.76,77496.5,0.0,0.0,0.0,0.0,0.0,0.0,0.0,0.0,5499447.359999999,0.3810154958639036
2025-08-14,28142.0,2571658.0,9948.0,6398454.0,2268983.0,0.0,37205.0,145380.0,15236.0,12320.0,959378.0,-30610.0,0.0,675172.0,0.0,1258589.0,2443075.1,2559381.6,29019.9,72690.0,0.0,0.0,0.0,0.0,0.0,0.0,0.0,0.0,5104166.600000001,0.35601141291811933
2025-08-15,28646.0,2545974.0,9968.0,6434446.0,2247310.0,0.0,38571.0,143241.0,-1152.0,13096.0,971289.0,-31674.0,0.0,665695.0,0.0,1351255.0,2418675.3,2573778.4000000004,30085.38,71620.5,0.0,0.0,0.0,0.0,0.0,0.0,0.0,0.0,5094159.58,0.353249728431309
2025-08-16,28656.0,2514243.0,10558.0,6098729.0,2271962.0,0.0,33523.0,135178.0,1196.0,13057.0,943443.0,-31199.0,0.0,646842.0,0.0,1307227.0,2388530.85,2439491.6,26147.940000000002,67589.0,0.0,0.0,0.0,0.0,0.0,0.0,0.0,0.0,4921759.390000001,0.3521891385341661
2025-08-17,28891.0,2486691.0,10887.0,5929339.0,2275030.0,0.0,27168.0,134495.0,-5019.0,13276.0,953391.0,-30721.0,0.0,614049.0,0.0,1254470.0,2362356.4499999997,2371735.6,21191.04,67247.5,0.0,0.0,0.0,0.0,0.0,0.0,0.0,0.0,4822530.59,0.3520404705639824
2025-08-18,30644.0,2652773.0,11016.0,6228572.0,2285566.0,0.0,27149.0,144203.0,-156.0,13595.0,966152.0,-33053.0,0.0,643465.0,0.0,927546.0,2520134.35,2491428.8000000003,21176.22,72101.5,0.0,0.0,0.0,0.0,0.0,0.0,0.0,0.0,5104840.87,0.3672537612669664
2025-08-19,32586.0,2775328.0,10978.0,6527051.0,2299412.0,0.0,20781.0,137358.0,3372.0,18114.0,885802.0,-33765.0,0.0,640243.0,0.0,527850.0,2636561.6,2610820.4000000004,16209.18,68679.0,0.0,0.0,0.0,0.0,0.0,0.0,0.0,0.0,5332270.18,0.38519845058667906
2025-08-20,31780.0,2721858.0,10767.0,6345357.0,2318898.0,0.0,19113.0,136742.0,-3951.0,16317.0,876362.0,-31875.0,0.0,622325.0,0.0,614262.0,2585765.1,2538142.8000000003,14908.140000000001,68371.0,0.0,0.0,0.0,0.0,0.0,0.0,0.0,0.0,5207187.04,0.3805866583403992
2025-08-21,33056.0,2596474.0,4208.0,6301624.0,2318287.0,0.0,32548.0,141450.0,-292.0,21575.0,853042.0,-34682.0,0.0,633232.0,0.0,557239.0,2466650.3,2520649.6,25387.440000000002,70725.0,0.0,0.0,0.0,0.0,0.0,0.0,0.0,0.0,5083412.340000001,0.3776770857611092
2025-08-22,32037.0,2415575.0,1021.0,6161720.0,2321297.0,0.0,34108.0,135610.0,6674.0,20762.0,860591.0,-33211.0,0.0,669863.0,0.0,522424.0,2294796.25,2464688.0,26604.24,67805.0,0.0,0.0,0.0,0.0,0.0,0.0,0.0,0.0,4853893.49,0.3693147835447556
2025-08-23,25802.0,2147839.0,7229.0,5783706.0,2319979.0,0.0,21267.0,141548.0,-8642.0,13609.0,832211.0,-31203.0,0.0,649917.0,0.0,724751.0,2040447.0499999998,2313482.4,16588.260000000002,70774.0,0.0,0.0,0.0,0.0,0.0,0.0,0.0,0.0,4441291.709999999,0.35131087142787526
2025-08-24,27906.0,1984422.0,10316.0,5551625.0,2316515.0,0.0,13210.0,128873.0,-8079.0,14182.0,895231.0,-30735.0,0.0,608328.0,0.0,751873.0,1885200.9,2220650.0,10303.800000000001,64436.5,0.0,0.0,0.0,0.0,0.0,0.0,0.0,0.0,4180591.1999999997,0.3405894868050421
2025-08-25,27759.0,2054694.0,9782.0,5832136.0,2326594.0,0.0,13956.0,145912.0,11881.0,15810.0,896136.0,-31801.0,0.0,638895.0,0.0,766664.0,1951959.2999999998,2332854.4,10885.68,72956.0,0.0,0.0,0.0,0.0,0.0,0.0,0.0,0.0,4368655.379999999,0.3439729306829239
2025-08-26,30672.0,1980893.0,7562.0,5667826.0,2331895.0,0.0,12106.0,141411.0,5719.0,14589.0,838007.0,-31617.0,0.0,635164.0,0.0,603098.0,1881848.3499999999,2267130.4,9442.68,70705.5,0.0,0.0,0.0,0.0,0.0,0.0,0.0,0.0,4229126.93,0.3457273082286761
2025-08-27,34851.0,1888442.0,7479.0,5382997.0,2332065.0,0.0,12163.0,139521.0,-12955.0,16137.0,934626.0,-36943.0,0.0,641702.0,0.0,716350.0,1794019.9,2153198.8000000003,9487.14,69760.5,0.0,0.0,0.0,0.0,0.0,0.0,0.0,0.0,4026466.3400000003,0.33355194830261936
2025-08-28,30204.0,1849725.0,7698.0,5462721.0,2329680.0,0.0,11727.0,148360.0,4488.0,13432.0,848704.0,-31350.0,0.0,637380.0,0.0,863648.0,1757238.75,2185088.4,9147.06,74180.0,0.0,0.0,0.0,0.0,0.0,0.0,0.0,0.0,4025654.21,0.33070150393388686
2025-08-29,28772.0,1951439.0,7790.0,5654255.0,2332026.0,0.0,11099.0,134947.0,1283.0,13065.0,847502.0,-30823.0,0.0,644465.0,0.0,536935.0,1853867.0499999998,2261702.0,8657.220000000001,67473.5,0.0,0.0,0.0,0.0,0.0,0.0,0.0,0.0,4191699.77,0.3454643610104007
2025-08-30,23583.0,1846114.0,8112.0,5170459.0,2327919.0,0.0,10437.0,136799.0,-8109.0,13029.0,886984.0,-26896.0,0.0,585824.0,0.0,495747.0,1753808.2999999998,2068183.6,8140.860000000001,68399.5,0.0,0.0,0.0,0.0,0.0,0.0,0.0,0.0,3898532.26,0.33955128388255673
2025-08-31,26002.0,1755101.0,8080.0,4993956.0,2311068.0,0.0,9610.0,131409.0,-11469.0,15750.0,896582.0,-26745.0,0.0,559811.0,0.0,475979.0,1667345.95,1997582.4000000001,7495.8,65704.5,0.0,0.0,0.0,0.0,0.0,0.0,0.0,0.0,3738128.65,0.3350374408035746
2025-09-01,28181.0,1767436.0,8696.0,5120600.0,2316528.0,0.0,10992.0,126679.0,-12637.0,17254.0,951683.0,-28646.0,0.0,579417.0,0.0,420539.0,1679064.2,2048240.0,8573.76,63339.5,0.0,0.0,0.0,0.0,0.0,0.0,0.0,0.0,3799217.46,0.33562513516111203
2025-09-02,30832.0,1938452.0,9029.0,5688469.0,2317696.0,0.0,11702.0,131529.0,4343.0,11465.0,897873.0,-33813.0,0.0,598876.0,0.0,405455.0,1841529.4,2275387.6,9127.56,65764.5,0.0,0.0,0.0,0.0,0.0,0.0,0.0,0.0,4191809.06,0.3490106994303173
2025-09-03,32053.0,1962098.0,9438.0,5771918.0,2280652.0,24.0,12537.0,116191.0,18441.0,11728.0,915303.0,-34514.0,0.0,569781.0,0.0,623956.0,1863993.0999999999,2308767.2,9778.86,58095.5,0.0,0.0,0.0,0.0,0.0,0.0,0.0,0.0,4240634.66,0.3455085687151987
2025-09-04,30844.0,1914762.0,9289.0,5525807.0,2257183.0,0.0,18076.0,122925.0,-3960.0,13331.0,925132.0,-32911.0,0.0,553161.0,0.0,929342.0,1819023.9,2210322.8000000003,14099.28,61462.5,0.0,0.0,0.0,0.0,0.0,0.0,0.0,0.0,4104908.48,0.3345754179963042
2025-09-05,28558.0,1825997.0,9592.0,5289529.0,2271619.0,0.0,21656.0,129998.0,5488.0,12397.0,804982.0,-31266.0,0.0,551947.0,0.0,1466916.0,1734697.15,2115811.6,16891.68,64999.0,0.0,0.0,0.0,0.0,0.0,0.0,0.0,0.0,3932399.43,0.3175224837102561
2025-09-06,26132.0,1903478.0,9756.0,5383421.0,2247097.0,0.0,19734.0,122418.0,10811.0,11335.0,744963.0,-30686.0,0.0,521869.0,0.0,706087.0,1808304.0999999999,2153368.4,15392.52,61209.0,0.0,0.0,0.0,0.0,0.0,0.0,0.0,0.0,4038274.02,0.34603421993086986
2025-09-07,29378.0,1704369.0,9747.0,4940335.0,2216376.0,0.0,10461.0,113640.0,-8476.0,12395.0,805446.0,-31877.0,0.0,463414.0,0.0,591852.0,1619150.5499999998,1976134.0,8159.58,56820.0,0.0,0.0,0.0,0.0,0.0,0.0,0.0,0.0,3660264.13,0.33679171349742615
2025-09-08,26955.0,1545717.0,9997.0,4615797.0,2222820.0,0.0,7575.0,114520.0,-11416.0,12816.0,959429.0,-27636.0,0.0,492688.0,0.0,1193400.0,1468431.15,1846318.8,5908.5,57260.0,0.0,0.0,0.0,0.0,0.0,0.0,0.0,0.0,3377918.45,0.30228110064834507
2025-09-09,29454.0,1691047.0,10251.0,4695206.0,2230251.0,0.0,9700.0,107211.0,-6154.0,13466.0,960149.0,-29678.0,0.0,516102.0,0.0,1088245.0,1606494.65,1878082.4000000001,7566.0,53605.5,0.0,0.0,0.0,0.0,0.0,0.0,0.0,0.0,3545748.55,0.3131836295981461
2025-09-10,29008.0,1899427.0,10457.0,4907341.0,2241370.0,0.0,14374.0,116648.0,-1993.0,17327.0,943987.0,-31908.0,0.0,509638.0,0.0,983442.0,1804455.65,1962936.4000000001,11211.720000000001,58324.0,0.0,0.0,0.0,0.0,0.0,0.0,0.0,0.0,3836927.77,0.32951942161511183
2025-09-11,30030.0,1925736.0,10471.0,5012554.0,2236530.0,0.0,14870.0,116426.0,10908.0,13959.0,926193.0,-32907.0,0.0,513796.0,0.0,1168496.0,1829449.2,2005021.6,11598.6,58213.0,0.0,0.0,0.0,0.0,0.0,0.0,0.0,0.0,3904282.4,0.3270183652257876
2025-09-12,28796.0,1852801.0,10530.0,4994165.0,2237336.0,0.0,13223.0,100008.0,4621.0,13210.0,935502.0,-31796.0,0.0,513280.0,0.0,1382476.0,1760160.95,1997666.0,10313.94,50004.0,0.0,0.0,0.0,0.0,0.0,0.0,0.0,0.0,3818144.89,0.3167919576394369
2025-09-13,28002.0,1850661.0,10509.0,4738176.0,2220529.0,0.0,10676.0,95498.0,-9275.0,13835.0,904716.0,-30819.0,0.0,498957.0,0.0,1303191.0,1758127.95,1895270.4000000001,8327.28,47749.0,0.0,0.0,0.0,0.0,0.0,0.0,0.0,0.0,3709474.63,0.3184987457443056
2025-09-14,29600.0,1847496.0,10516.0,4785372.0,2212900.0,0.0,13867.0,103686.0,-4442.0,13930.0,892195.0,-32556.0,0.0,461399.0,0.0,1178690.0,1755121.2,1914148.8,10816.26,51843.0,0.0,0.0,0.0,0.0,0.0,0.0,0.0,0.0,3731929.26,0.3239507585513293
2025-09-15,26361.0,2054238.0,10414.0,5347080.0,2185107.0,0.0,19716.0,119258.0,4877.0,17243.0,924593.0,-27503.0,0.0,493118.0,0.0,1055634.0,1951526.0999999999,2138832.0,15378.480000000001,59629.0,0.0,0.0,0.0,0.0,0.0,0.0,0.0,0.0,4165365.5799999996,0.340686157766296
2025-09-16,28110.0,2125341.0,10338.0,5536314.0,2179676.0,0.0,15096.0,133853.0,10856.0,14620.0,899569.0,-30412.0,0.0,535348.0,0.0,894407.0,2019073.95,2214525.6,11774.880000000001,66926.5,0.0,0.0,0.0,0.0,0.0,0.0,0.0,0.0,4312300.93,0.34932798182713976
2025-09-17,32028.0,2219072.0,10394.0,5601561.0,2172196.0,0.0,9775.0,123959.0,2300.0,10575.0,818692.0,-30804.0,0.0,577452.0,0.0,760703.0,2108118.4,2240624.4,7624.5,61979.5,0.0,0.0,0.0,0.0,0.0,0.0,0.0,0.0,4418346.8,0.3590873460578547
2025-09-18,34064.0,2339114.0,10364.0,5635223.0,2171613.0,0.0,17615.0,142955.0,7472.0,7601.0,728400.0,-35046.0,0.0,588947.0,0.0,618404.0,2222158.3,2254089.2,13739.7,71477.5,0.0,0.0,0.0,0.0,0.0,0.0,0.0,0.0,4561464.7,0.3720535803715361
2025-09-19,28431.0,2350315.0,7897.0,5702896.0,2179295.0,0.0,26083.0,127409.0,1655.0,8418.0,788159.0,-33634.0,0.0,598694.0,0.0,533567.0,2232799.25,2281158.4,20344.74,63704.5,0.0,0.0,0.0,0.0,0.0,0.0,0.0,0.0,4598006.890000001,0.37313207143253047
2025-09-20,27010.0,2170694.0,9003.0,5194275.0,2158813.0,0.0,15152.0,108071.0,-115.0,12943.0,848781.0,-29319.0,0.0,532447.0,0.0,717861.0,2062159.2999999998,2077710.0,11818.560000000001,54035.5,0.0,0.0,0.0,0.0,0.0,0.0,0.0,0.0,4205723.359999999,0.3573852026335736
2025-09-21,25160.0,2073236.0,9844.0,4935241.0,2172566.0,0.0,11280.0,122189.0,-6530.0,13503.0,791030.0,-26035.0,0.0,453450.0,0.0,896490.0,1969574.2,1974096.4000000001,8798.4,61094.5,0.0,0.0,0.0,0.0,0.0,0.0,0.0,0.0,4013563.5,0.34964921073395205
2025-09-22,26655.0,2166662.0,10813.0,5323143.0,2175890.0,0.0,19119.0,127342.0,-935.0,12197.0,747990.0,-29555.0,0.0,483680.0,0.0,913535.0,2058328.9,2129257.2,14912.82,63671.0,0.0,0.0,0.0,0.0,0.0,0.0,0.0,0.0,4266169.92,0.3560966450872014
2025-09-23,25635.0,2176828.0,11048.0,5583912.0,2162528.0,0.0,24212.0,141405.0,-1435.0,10838.0,786999.0,-28705.0,0.0,529880.0,0.0,956992.0,2067986.5999999999,2233564.8000000003,18885.36,70702.5,0.0,0.0,0.0,0.0,0.0,0.0,0.0,0.0,4391139.260000001,0.35456327764662077
2025-09-24,33266.0,2263908.0,10950.0,5863385.0,2153777.0,0.0,25888.0,155551.0,1594.0,8355.0,666998.0,-33810.0,0.0,529544.0,0.0,730542.0,2150712.6,2345354.0,20192.64,77775.5,0.0,0.0,0.0,0.0,0.0,0.0,0.0,0.0,4594034.739999999,0.37022100915004696
2025-09-25,31652.0,2249702.0,10556.0,5829325.0,2098462.0,0.0,29370.0,137857.0,5595.0,12771.0,788306.0,-32569.0,0.0,517685.0,0.0,516533.0,2137216.9,2331730.0,22908.600000000002,68928.5,0.0,0.0,0.0,0.0,0.0,0.0,0.0,0.0,4560784.0,0.37412402556829394
2025-09-26,28839.0,2081151.0,11091.0,5493855.0,2092004.0,23.0,30259.0,146876.0,8951.0,10724.0,852347.0,-32972.0,0.0,508572.0,0.0,730560.0,1977093.45,2197542.0,23602.02,73438.0,0.0,0.0,0.0,0.0,0.0,0.0,0.0,0.0,4271675.47,0.35723999679195517
2025-09-27,28755.0,1837422.0,11640.0,4952607.0,2097540.0,0.0,20924.0,149369.0,-8956.0,11890.0,808446.0,-29353.0,0.0,489112.0,0.0,869636.0,1745550.9,1981042.8,16320.720000000001,74684.5,0.0,0.0,0.0,0.0,0.0,0.0,0.0,0.0,3817598.9200000004,0.3393847831185182
2025-09-28,27266.0,1814792.0,11636.0,4849948.0,2099499.0,0.0,15934.0,146976.0,-1486.0,13911.0,835294.0,-28195.0,0.0,460560.0,0.0,788943.0,1724052.4,1939979.2000000002,12428.52,73488.0,0.0,0.0,0.0,0.0,0.0,0.0,0.0,0.0,3749948.12,0.33974636450505563
2025-09-29,32998.0,2043883.0,11500.0,5224815.0,2112013.0,0.0,21610.0,151268.0,2742.0,12747.0,755346.0,-32909.0,0.0,508085.0,0.0,743286.0,1941688.8499999999,2089926.0,16855.8,75634.0,0.0,0.0,0.0,0.0,0.0,0.0,0.0,0.0,4124104.6499999994,0.35600032646922153
2025-09-30,29147.0,2140546.0,11273.0,5228609.0,2118675.0,0.0,24760.0,142128.0,1595.0,11877.0,775961.0,-33333.0,0.0,494747.0,0.0,805014.0,2033518.7,2091443.6,19312.8,71064.0,0.0,0.0,0.0,0.0,0.0,0.0,0.0,0.0,4215339.1,0.3586426870428524
2025-10-01,29140.0,1933159.0,11502.0,4801134.0,2118954.0,-2.0,20071.0,144386.0,5592.0,14987.0,884852.0,-29439.0,0.0,489084.0,0.0,1157813.0,1836501.0499999998,1920453.6,15655.380000000001,72193.0,0.0,0.0,0.0,0.0,0.0,0.0,0.0,0.0,3844803.03,0.3321373785390424
2025-10-02,28869.0,2000311.0,11675.0,4739076.0,2098357.0,0.0,16203.0,148537.0,-11571.0,15343.0,885853.0,-29567.0,0.0,509808.0,0.0,990726.0,1900295.45,1895630.4000000001,12638.34,74268.5,0.0,0.0,0.0,0.0,0.0,0.0,0.0,0.0,3882832.69,0.3401253016738337
2025-10-03,27727.0,1989193.0,11535.0,4653805.0,2086933.0,8.0,14233.0,140907.0,660.0,13642.0,869492.0,-30254.0,0.0,510012.0,0.0,1151151.0,1889733.3499999999,1861522.0,11101.74,70453.5,0.0,0.0,0.0,0.0,0.0,0.0,0.0,0.0,3832810.59,0.3350094472438058
2025-10-04,25032.0,1764248.0,11595.0,4091563.0,1956785.0,0.0,23245.0,144280.0,-2813.0,14190.0,831153.0,-30538.0,0.0,430545.0,0.0,1704413.0,1676035.5999999999,1636625.2000000002,18131.100000000002,72140.0,0.0,0.0,0.0,0.0,0.0,0.0,0.0,0.0,3402931.9,0.31014642977676754
2025-10-05,25266.0,1676730.0,11944.0,4043061.0,1929558.0,0.0,20394.0,147022.0,-793.0,12167.0,807739.0,-27524.0,0.0,420799.0,0.0,1722367.0,1592893.5,1617224.4000000001,15907.32,73511.0,0.0,0.0,0.0,0.0,0.0,0.0,0.0,0.0,3299536.22,0.30574529079120494
2025-10-06,27262.0,2063974.0,11898.0,4837575.0,1915766.0,0.0,25964.0,146927.0,13392.0,8849.0,731467.0,-30053.0,0.0,511392.0,0.0,1138536.0,1960775.2999999998,1935030.0,20251.920000000002,73463.5,0.0,0.0,0.0,0.0,0.0,0.0,0.0,0.0,3989520.7199999997,0.3501930172779132
2025-10-07,31142.0,2321506.0,11978.0,5165572.0,1922652.0,0.0,27416.0,144896.0,569.0,10382.0,690980.0,-31803.0,0.0,534857.0,0.0,742549.0,2205430.6999999997,2066228.8,21384.48,72448.0,0.0,0.0,0.0,0.0,0.0,0.0,0.0,0.0,4365491.98,0.3772204225982538
2025-10-08,27925.0,2232135.0,11898.0,5048957.0,1946463.0,-6.0,23081.0,135173.0,16226.0,13539.0,787719.0,-31776.0,0.0,535030.0,0.0,706846.0,2120528.25,2019582.8,18003.18,67586.5,0.0,0.0,0.0,0.0,0.0,0.0,0.0,0.0,4225700.73,0.369352281882075
2025-10-09,31288.0,1980068.0,11582.0,4630640.0,1940112.0,-8.0,12199.0,142106.0,-424.0,14027.0,793016.0,-29342.0,0.0,540823.0,0.0,938596.0,1881064.5999999999,1852256.0,9515.220000000001,71053.0,0.0,0.0,0.0,0.0,0.0,0.0,0.0,0.0,3813888.82,0.3466173081591312
2025-10-10,27088.0,2010170.0,11263.0,4471009.0,1923296.0,0.0,9686.0,131856.0,5427.0,9955.0,675491.0,-27725.0,0.0,539985.0,0.0,909211.0,1909661.5,1788403.6,7555.08,65928.0,0.0,0.0,0.0,0.0,0.0,0.0,0.0,0.0,3771548.18,0.35274744615607934
2025-10-11,20987.0,1705386.0,11286.0,3984611.0,1911308.0,0.0,9839.0,120942.0,-3256.0,8684.0,691482.0,-30619.0,0.0,470731.0,0.0,1265848.0,1620116.7,1593844.4000000001,7674.42,60471.0,0.0,0.0,0.0,0.0,0.0,0.0,0.0,0.0,3282106.52,0.3224036148111068
2025-10-12,25893.0,1629572.0,11662.0,3642739.0,1898203.0,0.0,6988.0,128762.0,-1037.0,13360.0,724803.0,-29843.0,0.0,447094.0,0.0,1574475.0,1548093.4,1457095.6,5450.64,64381.0,0.0,0.0,0.0,0.0,0.0,0.0,0.0,0.0,3075020.64,0.3051324662932598
2025-10-13,31420.0,1818738.0,11961.0,4342051.0,1880253.0,0.0,10884.0,146139.0,11251.0,15228.0,703434.0,-33411.0,0.0,511035.0,0.0,1136441.0,1727801.0999999999,1736820.4000000001,8489.52,73069.5,0.0,0.0,0.0,0.0,0.0,0.0,0.0,0.0,3546180.52,0.3352993126808548
2025-10-14,24066.0,1892061.0,11769.0,4641376.0,1887206.0,23.0,14802.0,139822.0,7832.0,10023.0,716114.0,-28343.0,0.0,532551.0,0.0,960086.0,1797457.95,1856550.4000000001,11545.56,69911.0,0.0,0.0,0.0,0.0,0.0,0.0,0.0,0.0,3735464.91,0.34569041191729266
2025-10-15,28677.0,1867016.0,11699.0,4594012.0,1869899.0,0.0,16419.0,123830.0,-2483.0,15730.0,751942.0,-31626.0,0.0,499044.0,0.0,950717.0,1773665.2,1837604.8,12806.82,61915.0,0.0,0.0,0.0,0.0,0.0,0.0,0.0,0.0,3685991.82,0.3444753010847912
2025-10-16,22503.0,1661295.0,11931.0,4213480.0,1862974.0,0.0,13564.0,137490.0,-828.0,16314.0,800083.0,-27058.0,0.0,483197.0,0.0,1486423.0,1578230.25,1685392.0,10579.92,68745.0,0.0,0.0,0.0,0.0,0.0,0.0,0.0,0.0,3342947.17,0.3128123009509625
2025-10-17,22651.0,1557915.0,11780.0,4214575.0,1845057.0,0.0,12471.0,140110.0,7437.0,15163.0,798785.0,-23086.0,0.0,443440.0,0.0,1699859.0,1480019.25,1685830.0,9727.380000000001,70055.0,0.0,0.0,0.0,0.0,0.0,0.0,0.0,0.0,3245631.63,0.3022241163294505
2025-10-18,26360.0,1582057.0,11891.0,4168954.0,1857538.0,0.0,10218.0,131885.0,2973.0,15739.0,717086.0,-30701.0,0.0,450300.0,0.0,1385473.0,1502954.15,1667581.6,7970.04,65942.5,0.0,0.0,0.0,0.0,0.0,0.0,0.0,0.0,3244448.29,0.314045495071648
2025-10-19,23606.0,1406017.0,11936.0,3876803.0,1872121.0,0.0,9621.0,125496.0,-1017.0,12316.0,726829.0,-27347.0,0.0,420291.0,0.0,1542522.0,1335716.15,1550721.2000000002,7504.38,62748.0,0.0,0.0,0.0,0.0,0.0,0.0,0.0,0.0,2956689.73,0.2955521707821069
2025-10-20,27285.0,1341413.0,11501.0,3767922.0,1884692.0,0.0,12456.0,122054.0,-9496.0,16592.0,811938.0,-28587.0,0.0,437781.0,0.0,1980197.0,1274342.3499999999,1507168.8,9715.68,61027.0,0.0,0.0,0.0,0.0,0.0,0.0,0.0,0.0,2852253.83,0.2746104267963575
2025-10-21,27693.0,1487592.0,11018.0,4120694.0,1887324.0,0.0,13179.0,140096.0,8340.0,15166.0,783182.0,-29455.0,0.0,491100.0,0.0,1637522.0,1413212.4,1648277.6,10279.62,70048.0,0.0,0.0,0.0,0.0,0.0,0.0,0.0,0.0,3141817.62,0.29676540183300587
2025-10-22,31532.0,1641028.0,11542.0,4290292.0,1872024.0,0.0,13870.0,129991.0,5541.0,16832.0,733545.0,-32200.0,0.0,506999.0,0.0,1267282.0,1558976.5999999999,1716116.8,10818.6,64995.5,0.0,0.0,0.0,0.0,0.0,0.0,0.0,0.0,3350907.5,0.31963922981130655
2025-10-23,28143.0,1784652.0,11369.0,4275397.0,1850230.0,0.0,18756.0,111080.0,2098.0,12792.0,718792.0,-30507.0,0.0,481780.0,0.0,1146945.0,1695419.4,1710158.8,14629.68,55540.0,0.0,0.0,0.0,0.0,0.0,0.0,0.0,0.0,3475747.8800000004,0.33382798524711355
2025-10-24,21504.0,1812160.0,11819.0,4361316.0,1864641.0,0.0,16181.0,119724.0,9792.0,11730.0,654123.0,-24611.0,0.0,524204.0,0.0,1136094.0,1721552.0,1744526.4000000001,12621.18,59862.0,0.0,0.0,0.0,0.0,0.0,0.0,0.0,0.0,3538561.5800000005,0.3366214110513022
2025-10-25,30923.0,1819806.0,11795.0,4229785.0,1894445.0,0.0,12905.0,132914.0,4249.0,11574.0,570899.0,-32691.0,0.0,477478.0,0.0,901400.0,1728815.7,1691914.0,10065.9,66457.0,0.0,0.0,0.0,0.0,0.0,0.0,0.0,0.0,3497252.6,0.3475357500212909
2025-10-26,23451.0,1639446.0,11791.0,4058762.0,1919173.0,0.0,10404.0,122596.0,-5652.0,7915.0,583899.0,-29341.0,0.0,425475.0,0.0,1070142.0,1557473.7,1623504.8,8115.12,61298.0,0.0,0.0,0.0,0.0,0.0,0.0,0.0,0.0,3250391.62,0.33000229755453087
2025-10-27,29818.0,1742943.0,11746.0,4299794.0,1932281.0,0.0,17043.0,136952.0,16636.0,8509.0,601489.0,-31553.0,0.0,473258.0,0.0,1283223.0,1655795.8499999999,1719917.6,13293.54,68476.0,0.0,0.0,0.0,0.0,0.0,0.0,0.0,0.0,3457482.99,0.3290572641449637
2025-10-28,27546.0,1737210.0,10928.0,4241443.0,1939171.0,0.0,17223.0,145939.0,8561.0,9142.0,517944.0,-30008.0,0.0,523923.0,0.0,1548522.0,1650349.5,1696577.2000000002,13433.94,72969.5,0.0,0.0,0.0,0.0,0.0,0.0,0.0,0.0,3433330.14,0.32112872862367997
2025-10-29,25120.0,1589967.0,10512.0,3968932.0,1922934.0,0.0,14964.0,136053.0,14129.0,10060.0,554997.0,-29905.0,0.0,475894.0,0.0,1874917.0,1510468.65,1587572.8,11671.92,68026.5,0.0,0.0,0.0,0.0,0.0,0.0,0.0,0.0,3177739.87,0.30094428002799445
2025-10-30,29187.0,1796147.0,10609.0,4454335.0,1929423.0,0.0,14567.0,135518.0,-2849.0,11413.0,726030.0,-31827.0,0.0,536531.0,0.0,931337.0,1706339.65,1781734.0,11362.26,67759.0,0.0,0.0,0.0,0.0,0.0,0.0,0.0,0.0,3567194.9099999997,0.3382538737766584
2025-10-31,33682.0,1757737.0,10702.0,4210872.0,1946623.0,0.0,12665.0,116929.0,-2408.0,15863.0,782826.0,-39330.0,0.0,544280.0,0.0,979544.0,1669850.15,1684348.8,9878.7,58464.5,0.0,0.0,0.0,0.0,0.0,0.0,0.0,0.0,3422542.1500000004,0.32978691739606736
2025-11-01,28792.0,1714938.0,9723.0,3700280.0,1987562.0,0.0,11776.0,101397.0,-1991.0,11544.0,644693.0,-31221.0,0.0,525725.0,0.0,1138165.0,1629191.0999999999,1480112.0,9185.28,50698.5,0.0,0.0,0.0,0.0,0.0,0.0,0.0,0.0,3169186.8799999994,0.32188201206138284
2025-11-02,30431.0,1579149.0,10297.0,3613769.0,1978109.0,0.0,12946.0,93962.0,-2393.0,12036.0,737189.0,-33034.0,0.0,501614.0,0.0,1215108.0,1500191.5499999998,1445507.6,10097.880000000001,46981.0,0.0,0.0,0.0,0.0,0.0,0.0,0.0,0.0,3002778.03,0.3078452866202271
2025-11-03,27081.0,1572447.0,9997.0,3603556.0,1942207.0,0.0,11385.0,113551.0,5771.0,13049.0,735300.0,-29216.0,0.0,577649.0,0.0,1487349.0,1493824.65,1441422.4000000001,8880.300000000001,56775.5,0.0,0.0,0.0,0.0,0.0,0.0,0.0,0.0,3000902.8499999996,0.298108163818769
2025-11-04,25836.0,1641481.0,10487.0,3663724.0,2000774.0,0.0,17837.0,117362.0,16174.0,11823.0,712865.0,-28780.0,0.0,604724.0,0.0,1598129.0,1559406.95,1465489.6,13912.86,58681.0,0.0,0.0,0.0,0.0,0.0,0.0,0.0,0.0,3097490.4099999997,0.2984323087912505
2025-11-05,26400.0,1592700.0,11385.0,3643712.0,2042887.0,0.0,14815.0,127345.0,8150.0,12474.0,713362.0,-27499.0,0.0,588079.0,0.0,1725130.0,1513065.0,1457484.8,11555.7,63672.5,0.0,0.0,0.0,0.0,0.0,0.0,0.0,0.0,3045778.0,0.2908527773737861
2025-11-06,28553.0,1654444.0,11131.0,3868482.0,2088816.0,0.0,13839.0,110819.0,-8297.0,11090.0,692408.0,-31964.0,0.0,549631.0,0.0,1469312.0,1571721.7999999998,1547392.8,10794.42,55409.5,0.0,0.0,0.0,0.0,0.0,0.0,0.0,0.0,3185318.5199999996,0.3042337190586565
2025-11-07,25270.0,1679790.0,11272.0,3699695.0,2122755.0,0.0,15175.0,117122.0,2658.0,10322.0,628721.0,-24739.0,0.0,528958.0,0.0,1803474.0,1595800.5,1479878.0,11836.5,58561.0,0.0,0.0,0.0,0.0,0.0,0.0,0.0,0.0,3146076.0,0.2963164590869002
2025-11-08,29988.0,1738370.0,11439.0,3815988.0,2134879.0,0.0,10956.0,109650.0,-1422.0,11249.0,651342.0,-30513.0,0.0,523495.0,0.0,1137746.0,1651451.5,1526395.2000000002,8545.68,54825.0,0.0,0.0,0.0,0.0,0.0,0.0,0.0,0.0,3241217.3800000004,0.3194855553126362
2025-11-09,23614.0,1602499.0,11305.0,3437424.0,2147162.0,0.0,9152.0,102156.0,-12674.0,11897.0,532649.0,-28267.0,0.0,519911.0,0.0,1705095.0,1522374.0499999998,1374969.6,7138.56,51078.0,0.0,0.0,0.0,0.0,0.0,0.0,0.0,0.0,2955560.21,0.2932321561624129
2025-11-10,29586.0,1969284.0,11007.0,4238491.0,2173352.0,0.0,22087.0,121861.0,12083.0,12879.0,707696.0,-29430.0,0.0,547512.0,0.0,1149032.0,1870819.7999999998,1695396.4000000001,17227.86,60930.5,0.0,0.0,0.0,0.0,0.0,0.0,0.0,0.0,3644374.56,0.3327223302119627
2025-11-11,26397.0,1949348.0,10895.0,4247993.0,2174534.0,0.0,38321.0,135912.0,18500.0,13062.0,599882.0,-28866.0,0.0,585059.0,0.0,1835365.0,1851880.5999999999,1699197.2000000002,29890.38,67956.0,0.0,0.0,0.0,0.0,0.0,0.0,0.0,0.0,3648924.1799999997,0.3148237601712663
2025-11-12,24927.0,2019137.0,11039.0,4183105.0,2135001.0,0.0,30924.0,150377.0,10240.0,9161.0,631289.0,-26021.0,0.0,601591.0,0.0,1371238.0,1918180.15,1673242.0,24120.72,75188.5,0.0,0.0,0.0,0.0,0.0,0.0,0.0,0.0,3690731.37,0.331219337545417
2025-11-13,29736.0,1921085.0,11154.0,4021939.0,2075554.0,0.0,20762.0,126568.0,7291.0,11764.0,629232.0,-28848.0,0.0,577600.0,0.0,1331150.0,1825030.75,1608775.6,16194.36,63284.0,0.0,0.0,0.0,0.0,0.0,0.0,0.0,0.0,3513284.71,0.3275237806064954
2025-11-14,25878.0,1848582.0,11124.0,3985471.0,2056812.0,0.0,19481.0,144884.0,11036.0,8585.0,579674.0,-25716.0,0.0,561941.0,0.0,1455053.0,1756152.9,1594188.4000000001,15195.18,72442.0,0.0,0.0,0.0,0.0,0.0,0.0,0.0,0.0,3437978.48,0.3221612714935998
2025-11-15,25652.0,1594341.0,11068.0,3564733.0,2062388.0,0.0,10827.0,128478.0,9010.0,8933.0,486156.0,-26231.0,0.0,495658.0,0.0,1780148.0,1514623.95,1425893.2000000002,8445.06,64239.0,0.0,0.0,0.0,0.0,0.0,0.0,0.0,0.0,3013201.2100000004,0.2970798995931076
2025-11-16,25467.0,1619865.0,10648.0,3648145.0,2083592.0,0.0,8878.0,103109.0,-6395.0,7710.0,565982.0,-27033.0,0.0,511882.0,0.0,1231234.0,1538871.75,1459258.0,6924.84,51554.5,0.0,0.0,0.0,0.0,0.0,0.0,0.0,0.0,3056609.09,0.31218415296835017
2025-11-17,30400.0,1718000.0,10276.0,4047191.0,2077136.0,0.0,18444.0,139160.0,9721.0,9431.0,534919.0,-31236.0,0.0,560400.0,0.0,1559671.0,1632100.0,1618876.4000000001,14386.32,69580.0,0.0,0.0,0.0,0.0,0.0,0.0,0.0,0.0,3334942.72,0.31241769923972995
2025-11-18,31745.0,1979429.0,10195.0,4584456.0,2120827.0,0.0,31000.0,147409.0,23878.0,8591.0,445136.0,-26881.0,0.0,568773.0,0.0,1233616.0,1880457.5499999998,1833782.4000000001,24180.0,73704.5,0.0,0.0,0.0,0.0,0.0,0.0,0.0,0.0,3812124.45,0.3425264155439379
2025-11-19,33100.0,2068948.0,10109.0,4907823.0,2150212.0,0.0,27136.0,150321.0,12535.0,8973.0,420361.0,-31420.0,0.0,597551.0,0.0,695707.0,1965500.5999999999,1963129.2000000002,21166.08,75160.5,0.0,0.0,0.0,0.0,0.0,0.0,0.0,0.0,4024956.38,0.36467382087444566
2025-11-20,22696.0,2056589.0,10587.0,4818960.0,2161429.0,0.0,27156.0,147975.0,5915.0,6959.0,350949.0,-30883.0,0.0,605386.0,0.0,772774.0,1953759.5499999998,1927584.0,21181.68,73987.5,0.0,0.0,0.0,0.0,0.0,0.0,0.0,0.0,3976512.73,0.3628614257958288
2025-11-21,27842.0,2011945.0,10930.0,4550743.0,2165745.0,0.0,24065.0,151023.0,3270.0,6206.0,357835.0,-25213.0,0.0,596156.0,0.0,954817.0,1911347.75,1820297.2000000002,18770.7,75511.5,0.0,0.0,0.0,0.0,0.0,0.0,0.0,0.0,3825927.1500000004,0.3532886573805816
2025-11-22,29155.0,1902783.0,10474.0,4222070.0,2141172.0,0.0,11572.0,132139.0,2400.0,7075.0,476103.0,-30715.0,0.0,539415.0,0.0,864564.0,1807643.8499999999,1688828.0,9026.16,66069.5,0.0,0.0,0.0,0.0,0.0,0.0,0.0,0.0,3571567.51,0.346506291082873
2025-11-23,21888.0,1797281.0,10669.0,3841750.0,2174037.0,0.0,7618.0,117556.0,-14731.0,8070.0,497540.0,-28179.0,0.0,526305.0,0.0,1098774.0,1707416.95,1536700.0,5942.04,58778.0,0.0,0.0,0.0,0.0,0.0,0.0,0.0,0.0,3308836.99,0.32827066451049647
2025-11-24,28285.0,1907833.0,10857.0,4146108.0,2181704.0,43.0,12751.0,130781.0,8620.0,10615.0,477096.0,-30713.0,0.0,563838.0,0.0,1228483.0,1812441.3499999999,1658443.2000000002,9945.78,65390.5,0.0,0.0,0.0,0.0,0.0,0.0,0.0,0.0,3546220.8299999996,0.33235228629326186
2025-11-25,38383.0,1962609.0,10690.0,4460860.0,2184614.0,-80.0,12156.0,133008.0,10814.0,9580.0,500564.0,-33828.0,0.0,605625.0,0.0,995668.0,1864478.5499999998,1784344.0,9481.68,66504.0,0.0,0.0,0.0,0.0,0.0,0.0,0.0,0.0,3724808.23,0.34249932278191075
2025-11-26,24087.0,1836559.0,11012.0,4051813.0,2207286.0,-9.0,10061.0,115033.0,-7391.0,11656.0,521539.0,-30464.0,0.0,576834.0,0.0,1531737.0,1744731.0499999998,1620725.2000000002,7847.58,57516.5,0.0,0.0,0.0,0.0,0.0,0.0,0.0,0.0,3430820.33,0.3155203811457733
2025-11-27,29984.0,1987440.0,11262.0,4020107.0,2217447.0,0.0,6445.0,119492.0,-9963.0,10894.0,534049.0,-26376.0,0.0,557304.0,0.0,1112298.0,1888068.0,1608042.8,5027.1,59746.0,0.0,0.0,0.0,0.0,0.0,0.0,0.0,0.0,3560883.9,0.33667127804432706
2025-11-28,21825.0,1933302.0,11133.0,3789331.0,2222678.0,0.0,8422.0,115523.0,-6774.0,11699.0,493555.0,-28826.0,0.0,533635.0,0.0,1493577.0,1836636.9,1515732.4000000001,6569.16,57761.5,0.0,0.0,0.0,0.0,0.0,0.0,0.0,0.0,3416699.96,0.32193975702108435
2025-11-29,19323.0,2001360.0,10806.0,3902318.0,2234161.0,0.0,19360.0,131340.0,7856.0,8100.0,425778.0,-19430.0,0.0,581899.0,0.0,1772174.0,1901292.0,1560927.2000000002,15100.800000000001,65670.0,0.0,0.0,0.0,0.0,0.0,0.0,0.0,0.0,3542990.0,0.31955401930281285
2025-11-30,17901.0,2050344.0,10844.0,4167797.0,2250304.0,0.0,10481.0,128627.0,2968.0,5934.0,359810.0,-18664.0,0.0,564722.0,0.0,1611908.0,1947826.7999999998,1667118.8,8175.18,64313.5,0.0,0.0,0.0,0.0,0.0,0.0,0.0,0.0,3687434.28,0.33039243256581463
2025-12-01,28848.0,2321812.0,10907.0,5301067.0,2272930.0,0.0,15812.0,131691.0,1787.0,7196.0,391719.0,-28790.0,0.0,612692.0,0.0,788293.0,2205721.4,2120426.8000000003,12333.36,65845.5,0.0,0.0,0.0,0.0,0.0,0.0,0.0,0.0,4404327.0600000005,0.37154402279916376
2025-12-02,35355.0,2426066.0,11193.0,5458600.0,2276301.0,0.0,19466.0,146091.0,8068.0,5956.0,411432.0,-33854.0,0.0,614852.0,0.0,945628.0,2304762.6999999997,2183440.0,15183.480000000001,73045.5,0.0,0.0,0.0,0.0,0.0,0.0,0.0,0.0,4576431.68,0.37159677595501955
2025-12-03,26894.0,2379449.0,10304.0,4981160.0,2280527.0,0.0,21623.0,142662.0,10253.0,9235.0,405083.0,-27317.0,0.0,605179.0,0.0,1490828.0,2260476.55,1992464.0,16865.940000000002,71331.0,0.0,0.0,0.0,0.0,0.0,0.0,0.0,0.0,4341137.49,0.35219210452659205
2025-12-04,27592.0,2545471.0,10229.0,5070451.0,2277717.0,0.0,45872.0,160801.0,15625.0,7812.0,409349.0,-13323.0,0.0,619309.0,0.0,1301667.0,2418197.4499999997,2028180.4000000001,35780.16,80400.5,0.0,0.0,0.0,0.0,0.0,0.0,0.0,0.0,4562558.51,0.36650948076574874
2025-12-05,16054.0,2395045.0,10478.0,4588995.0,2209448.0,0.0,67536.0,161866.0,16188.0,7544.0,297299.0,-9462.0,0.0,690420.0,0.0,1230188.0,2275292.75,1835598.0,52678.08,80933.0,0.0,0.0,0.0,0.0,0.0,0.0,0.0,0.0,4244501.83,0.3640593296799616
2025-12-06,20838.0,2363219.0,4506.0,4363776.0,2246944.0,0.0,48360.0,159296.0,-2259.0,7417.0,431993.0,-29304.0,0.0,614706.0,0.0,1150351.0,2245058.05,1745510.4000000001,37720.8,79648.0,0.0,0.0,0.0,0.0,0.0,0.0,0.0,0.0,4107937.25,0.3606437580636892
2025-12-07,28359.0,2367798.0,6914.0,4294469.0,2328152.0,0.0,29282.0,164186.0,-15705.0,6763.0,385949.0,-30844.0,0.0,602125.0,0.0,1363276.0,2249408.1,1717787.6,22839.96,82093.0,0.0,0.0,0.0,0.0,0.0,0.0,0.0,0.0,4072128.66,0.3525984053565556
2025-12-08,34837.0,2449048.0,10908.0,4910187.0,2346929.0,0.0,49679.0,170692.0,-7635.0,7938.0,486410.0,-35284.0,0.0,644485.0,0.0,1074515.0,2326595.6,1964074.8,38749.62,85346.0,0.0,0.0,0.0,0.0,0.0,0.0,0.0,0.0,4414766.0200000005,0.36333157405143424
2025-12-09,27054.0,2351857.0,11125.0,4771896.0,2349047.0,0.0,87572.0,170158.0,13521.0,6412.0,507359.0,-31301.0,0.0,639464.0,0.0,1694128.0,2234264.15,1908758.4000000001,68306.16,85079.0,0.0,0.0,0.0,0.0,0.0,0.0,0.0,0.0,4296407.71,0.34128219611728255
2025-12-10,28342.0,2218159.0,11335.0,4352509.0,2372731.0,0.0,59132.0,147955.0,15650.0,9148.0,480736.0,-31134.0,0.0,616523.0,0.0,2060748.0,2107251.05,1741003.6,46122.96,73977.5,0.0,0.0,0.0,0.0,0.0,0.0,0.0,0.0,3968355.11,0.3218722390245548
2025-12-11,29779.0,2364410.0,11289.0,4709896.0,2372336.0,0.0,19845.0,165199.0,-15075.0,9897.0,541370.0,-33852.0,0.0,597925.0,0.0,1340894.0,2246189.5,1883958.4000000001,15479.1,82599.5,0.0,0.0,0.0,0.0,0.0,0.0,0.0,0.0,4228226.5,0.34848802787688943
2025-12-12,33772.0,2442546.0,11365.0,4837506.0,2361059.0,0.0,21839.0,191697.0,16959.0,12914.0,519599.0,-43001.0,0.0,658852.0,0.0,1261537.0,2320418.6999999997,1935002.4000000001,17034.420000000002,95848.5,0.0,0.0,0.0,0.0,0.0,0.0,0.0,0.0,4368304.02,0.3546013893757193
2025-12-13,26893.0,2418394.0,11348.0,4660642.0,2339349.0,0.0,11108.0,165222.0,-720.0,12839.0,456952.0,-27612.0,0.0,639084.0,0.0,1174119.0,2297474.3,1864256.8,8664.24,82611.0,0.0,0.0,0.0,0.0,0.0,0.0,0.0,0.0,4253006.34,0.3577244469431007
2025-12-14,24435.0,2451050.0,11405.0,4520487.0,2353856.0,-7.0,21017.0,174229.0,-30313.0,12317.0,433904.0,-25372.0,0.0,661199.0,0.0,1421350.0,2328497.5,1808194.8,16393.260000000002,87114.5,0.0,0.0,0.0,0.0,0.0,0.0,0.0,0.0,4240200.06,0.3515683153724118
2025-12-15,7503.0,2674931.0,11313.0,5580121.0,2369254.0,-24.0,101182.0,186178.0,31860.0,12692.0,551499.0,-9557.0,0.0,751986.0,0.0,1534336.0,2541184.4499999997,2232048.4,78921.96,93089.0,0.0,0.0,0.0,0.0,0.0,0.0,0.0,0.0,4945243.81,0.3590406710222796
2025-12-16,2476.0,2516762.0,21726.0,5036376.0,2376313.0,-22.0,88046.0,169161.0,-12650.0,13639.0,522030.0,-8387.0,0.0,726192.0,0.0,1640043.0,2390923.9,2014550.4000000001,68675.88,84580.5,0.0,0.0,0.0,0.0,0.0,0.0,0.0,0.0,4558730.68,0.34772162747301966
2025-12-17,8060.0,2252564.0,28535.0,4485919.0,2352237.0,0.0,21243.0,157764.0,16205.0,9434.0,445096.0,-8907.0,0.0,697964.0,0.0,1613176.0,2139935.8,1794367.6,16569.54,78882.0,0.0,0.0,0.0,0.0,0.0,0.0,0.0,0.0,4029754.94,0.33403329362267625
2025-12-18,2678.0,2005037.0,28799.0,3960071.0,2343223.0,0.0,6690.0,170788.0,12706.0,6184.0,374884.0,-9642.0,0.0,743676.0,0.0,2023991.0,1904785.15,1584028.4000000001,5218.2,85394.0,0.0,0.0,0.0,0.0,0.0,0.0,0.0,0.0,3579425.75,0.306895351530003
2025-12-19,4618.0,2007861.0,28943.0,3993199.0,2362071.0,0.0,7577.0,128936.0,-28706.0,12642.0,539259.0,-8057.0,0.0,716957.0,0.0,1911265.0,1907467.95,1597279.6,5910.06,64468.0,0.0,0.0,0.0,0.0,0.0,0.0,0.0,0.0,3575125.61,0.3053389835430205
2025-12-20,2159.0,1998643.0,28976.0,3825263.0,2378477.0,0.0,6528.0,140462.0,11718.0,12708.0,537464.0,-7922.0,0.0,769647.0,0.0,2061903.0,1898710.8499999999,1530105.2000000002,5091.84,70231.0,0.0,0.0,0.0,0.0,0.0,0.0,0.0,0.0,3504138.8899999997,0.2979691950839412
2025-12-21,2152.0,2021360.0,27718.0,3913322.0,2365453.0,0.0,5828.0,141091.0,-12865.0,5245.0,495478.0,-8127.0,0.0,754766.0,0.0,1478259.0,1920292.0,1565328.8,4545.84,70545.5,0.0,0.0,0.0,0.0,0.0,0.0,0.0,0.0,3560712.1399999997,0.3176790637836217
2025-12-22,5897.0,2023096.0,28122.0,4112488.0,2355466.0,0.0,10007.0,141877.0,16789.0,6490.0,461413.0,-7654.0,0.0,795633.0,0.0,1613726.0,1921941.2,1644995.2000000002,7805.46,70938.5,0.0,0.0,0.0,0.0,0.0,0.0,0.0,0.0,3645680.3600000003,0.31568929431974424
2025-12-23,6723.0,1946968.0,28728.0,4134633.0,2350566.0,0.0,9368.0,156928.0,28351.0,6766.0,379618.0,-7673.0,0.0,810358.0,0.0,1485629.0,1849619.5999999999,1653853.2000000002,7307.04,78464.0,0.0,0.0,0.0,0.0,0.0,0.0,0.0,0.0,3589243.84,0.31736364679728535
2025-12-24,6037.0,1699367.0,28797.0,3791860.0,2348724.0,0.0,6815.0,135060.0,-1155.0,7682.0,369173.0,-3971.0,0.0,783766.0,0.0,1512247.0,1614398.65,1516744.0,5315.7,67530.0,0.0,0.0,0.0,0.0,0.0,0.0,0.0,0.0,3203988.35,0.2999008797779677
2025-12-25,-2723.0,1530272.0,28777.0,3339089.0,2349144.0,0.0,6670.0,92271.0,-13384.0,5838.0,387482.0,-6642.0,0.0,715750.0,0.0,1549574.0,1453758.4,1335635.6,5202.6,46135.5,0.0,0.0,0.0,0.0,0.0,0.0,0.0,0.0,2840732.1,0.2839350188263372
2025-12-26,2912.0,1616052.0,22444.0,3530295.0,2349429.0,0.0,8967.0,125069.0,-7011.0,6891.0,380033.0,-5547.0,0.0,765715.0,0.0,1473383.0,1535249.4,1412118.0,6994.26,62534.5,0.0,0.0,0.0,0.0,0.0,0.0,0.0,0.0,3016896.1599999997,0.29352155682109393
2025-12-27,1497.0,1685326.0,25009.0,3564909.0,2348927.0,0.0,11505.0,121210.0,6593.0,5998.0,394399.0,-6391.0,0.0,759929.0,0.0,1579224.0,1601059.7,1425963.6,8973.9,60605.0,0.0,0.0,0.0,0.0,0.0,0.0,0.0,0.0,3096602.1999999997,0.29501463163306096
2025-12-28,3647.0,1577876.0,29655.0,3468322.0,2344958.0,0.0,9905.0,129518.0,2585.0,9131.0,404363.0,-8517.0,0.0,772436.0,0.0,1825904.0,1498982.2,1387328.8,7725.900000000001,64759.0,0.0,0.0,0.0,0.0,0.0,0.0,0.0,0.0,2958795.9,0.2798691703458585
2025-12-29,8855.0,1826178.0,30104.0,3896532.0,2316791.0,0.0,7980.0,117007.0,-822.0,9019.0,407019.0,-8969.0,0.0,784002.0,0.0,1914648.0,1734869.0999999999,1558612.8,6224.400000000001,58503.5,0.0,0.0,0.0,0.0,0.0,0.0,0.0,0.0,3358209.8,0.2969428469363213
2025-12-30,6557.0,2346626.0,30113.0,4904665.0,2302176.0,0.0,10160.0,165800.0,5137.0,9214.0,527348.0,-8077.0,0.0,847475.0,0.0,1275848.0,2229294.6999999997,1961866.0,7924.8,82900.0,0.0,0.0,0.0,0.0,0.0,0.0,0.0,0.0,4281985.5,0.3447813002614855
2025-12-31,3649.0,2455499.0,29691.0,4869077.0,2306997.0,0.0,11664.0,158968.0,24717.0,9761.0,469350.0,-4413.0,0.0,836898.0,0.0,1218294.0,2332724.05,1947630.8,9097.92,79484.0,0.0,0.0,0.0,0.0,0.0,0.0,0.0,0.0,4368936.77,0.3532966572832929
