Date,biomass,coal,gas,gas_cc,hydro,nuclear,other,solar,wind,gas_total,total
2020-01-01,829.861577,153415.741238,14934.575434,289658.378658,1278.77758,108440.074173,-28.933694,3954.234317,349713.472491,304592.95409199997,922196.181774
2020-01-02,815.791618,196713.965407,17640.046331,313319.304998,2216.224027,92305.814149,-29.794426,7181.875467,272849.904152,330959.35132899997,903013.131723
2020-01-03,825.492881,178036.893024,18017.523098,339497.056045,2240.83457,95549.535643,-37.884666,10759.906768,266141.718609,357514.57914299995,911031.0759719999
2020-01-04,760.234727,194337.978392,19472.143562,375653.680264,2307.535835,116273.206678,-59.47334,15787.615071,191189.675041,395125.82382600004,915722.59623
2020-01-05,729.143935,165773.447074,15548.693514,291698.473466,2193.512222,122064.434206,69.489137,15409.573022,266110.656668,307247.16698,879597.4232440003
2020-01-06,712.686761,177505.693429,14881.880033,399311.191583,1592.343624,122291.168267,-49.297396,11896.477161,197319.324137,414193.07161600003,925461.467599
2020-01-07,747.409539,156259.144589,15070.034443,404236.561357,1590.403493,122263.09422,-19.804682,16137.992987,223393.440553,419306.5958,939678.276499
2020-01-08,765.478496,148524.715885,15719.547356,255547.77684,1477.456383,122258.636133,-69.859083,8799.571111,421906.23614,271267.324196,974929.5592610001
2020-01-09,816.359338,138440.719773,13908.078853,253787.803273,1426.263424,122257.83992,-5.887141,13094.232241,348313.409857,267695.882126,892038.819538
2020-01-10,755.536441,107906.366758,14522.005183,303237.961179,1506.452945,122269.112217,-63.574276,11280.832167,334818.28154,317759.966362,896232.9741539999
2020-01-11,679.298411,122011.12763,25812.823136,359012.961116,1380.200937,122242.083882,-13.210886,15563.522946,304937.940502,384825.78425200004,951626.7476740001
2020-01-12,694.326675,127159.892791,20634.224939,402002.001481,1362.152646,122281.614775,-68.452489,12484.715005,294989.475876,422636.22641999996,981539.951699
2020-01-13,759.963033,129768.07083,20950.140505,348162.552806,1396.756107,122306.781602,-54.636972,7728.726249,318035.731818,369112.693311,949054.0859780001
2020-01-14,770.713711,151673.725679,23485.863466,376464.191588,1771.624207,122259.211231,-51.660463,12557.66411,219271.099303,399950.055054,908202.4328320002
2020-01-15,702.492821,150961.383483,16295.487553,349233.556866,1287.191441,122195.11661,-35.231272,4284.525651,269513.145917,365529.044419,914437.6690700001
2020-01-16,804.630104,157150.795982,21348.470058,390991.231576,1738.323976,122151.618158,-20.667985,1523.034099,239112.67242,412339.701634,934800.108388
2020-01-17,858.61258,156164.287569,19546.428227,432222.07912,1742.04358,122088.645084,-72.460929,7862.554749,183753.186095,451768.507347,924165.3760749999
2020-01-18,856.699784,131794.790289,15088.886955,324807.915786,1593.240448,121455.367049,-38.483126,12299.082637,254390.334736,339896.802741,862247.8345580001
2020-01-19,834.243854,156095.073702,30862.060655,459623.115835,1685.449883,122280.776182,-50.648839,15675.818158,141015.593177,490485.17649,928021.4826069999
2020-01-20,866.037941,156716.573787,30939.953107,562894.666579,1904.296389,122259.680152,-57.969439,12664.268457,99746.496558,593834.6196859999,987934.003531
2020-01-21,830.726974,138116.583568,23158.923615,409296.199258,1814.337055,122295.375855,-10.488526,6872.755703,312046.648669,432455.122873,1014421.062171
2020-01-22,836.42572,170380.662184,19542.101319,420223.826696,1879.165649,122306.485928,-4.7038,11781.713808,279502.361272,439765.928015,1026448.0387759999
2020-01-23,875.71889,133852.860843,26237.295313,478253.586132,1863.105964,122301.981062,-48.271412,17551.39043,156039.848773,504490.881445,936927.5159950001
2020-01-24,874.744818,151399.072796,27176.241119,494474.553492,1937.844874,122373.227173,-17.429069,18638.89961,136222.942187,521650.794611,953080.0969999998
2020-01-25,867.551472,125348.473758,14876.871778,342550.930788,1827.685994,122374.544155,-19.570902,12549.671142,289379.201571,357427.802566,909755.359756
2020-01-26,830.852206,145117.56065,17858.642791,455710.847341,1934.499337,122369.730753,-59.136168,18550.613704,70282.483737,473569.490132,832596.0943509999
2020-01-27,819.72454,115051.151089,13972.917425,371575.634037,1879.196491,122318.679996,-24.075282,17321.613958,259718.673818,385548.551462,902633.5160719999
2020-01-28,850.112552,141845.290746,15894.504468,251889.01385,1912.67539,122291.61493,55.69916,6867.086443,382347.6746,267783.518318,923953.672139
2020-01-29,873.544937,134171.348623,34859.01204,506153.755658,1867.555496,122409.194686,-33.144441,19055.200854,186744.803796,541012.767698,1006101.271649
2020-01-30,898.788599,168848.9959,50908.811908,591651.879734,1775.148321,122423.110209,-23.410106,5299.174051,79165.018718,642560.691642,1020947.517334
2020-01-31,915.310695,126325.109581,44175.361514,520063.904094,1922.434646,122448.279006,-48.327852,10027.679245,138603.847549,564239.265608,964433.5984780001
2020-02-01,940.854563,119530.390418,21992.43125,426689.873468,1806.21041,122401.884228,-29.355095,20623.00067,207135.277242,448682.304718,921090.5671539999
2020-02-02,872.147891,129922.271104,15790.446173,241682.780593,1734.970882,122405.734144,-10.593325,14122.332122,332891.228839,257473.226766,859411.318423
2020-02-03,898.836673,127491.011269,14229.486343,212821.296719,1482.293156,122393.567469,44.500296,7064.445157,383112.752489,227050.783062,869538.189571
2020-02-04,840.258856,146708.239562,21693.312589,304008.048466,1525.65938,122350.376474,118.21707,7763.942101,323562.227485,325701.361055,928570.281983
2020-02-05,831.454743,189601.911524,79771.069738,517026.589657,1700.714439,122382.60588,-18.05732,4191.985966,196495.321411,596797.659395,1111983.5960380002
2020-02-06,849.355791,177291.92953,87455.68939,549640.72922,1786.756034,122455.910081,-33.711447,19419.967178,180585.904166,637096.4186099999,1139452.5299429996
2020-02-07,947.213644,154341.017586,32736.954893,485738.313184,1700.784365,122495.2947,-58.822519,18491.601389,198524.022127,518475.26807700004,1014916.379369
2020-02-08,877.067417,112116.702862,20459.807404,342271.380478,1648.194321,122482.866226,-26.872822,18697.753763,282083.804111,362731.187882,900610.70376
2020-02-09,832.054819,103792.593352,14701.51079,231946.239996,1575.271454,122445.079871,4.782965,15047.541785,360915.590204,246647.750786,851260.6652359999
2020-02-10,1942.328386,141450.958323,44331.655646,438841.167509,1638.552538,122365.835392,53.783712,8132.711745,201936.191062,483172.823155,960693.1843130001
2020-02-11,2549.009024,151010.452883,50868.825435,509500.595585,1688.164887,122397.666254,-37.431723,1980.766797,203781.553167,560369.42102,1043739.6023090001
2020-02-12,2736.476547,130854.765405,58543.964216,518763.59581,1858.287952,122438.269315,-24.320971,13857.258412,175118.60369,577307.560026,1024146.9003760001
2020-02-13,3119.272178,136580.888223,65512.711452,524865.150216,1575.915377,122426.576123,-40.285692,20990.876217,179764.655976,590377.861668,1054795.76007
2020-02-14,2945.817077,155433.875792,57573.656625,486940.372239,1667.504725,122469.882725,14.450695,15711.015529,223676.688696,544514.028864,1066433.2641029998
2020-02-15,2103.699035,131627.031624,30488.559985,369476.172652,1596.753935,122439.817013,17.668228,15593.073355,263733.818278,399964.732637,937076.5941050001
2020-02-16,940.863802,139414.636077,28961.218805,349836.796769,1817.974485,122364.006055,-55.982954,20219.181371,174399.791997,378798.015574,837898.486407
2020-02-17,887.56543,132513.430929,21385.330612,325921.501652,1670.518576,122352.088731,-27.790046,13874.232152,267588.65957,347306.832264,886165.5376059999
2020-02-18,836.686959,133251.978073,24474.203496,324481.232455,1759.038356,122285.636105,-32.78294,7067.404135,300847.091102,348955.43595099996,914970.4877409999
2020-02-19,854.680439,186922.053671,63544.453434,496989.353291,1605.776209,122280.090788,134.898308,4072.014922,97238.613262,560533.806725,973641.9343240001
2020-02-20,901.637512,145100.803633,37777.602704,411109.323174,1758.45652,122305.683581,13.139701,5161.430444,330087.452976,448886.92587800004,1054215.530245
2020-02-21,875.401415,167206.616605,84623.800101,515148.40996,1709.596633,122393.437479,-47.973986,13937.053453,156525.034733,599772.210061,1062371.3763929997
2020-02-22,870.309881,135604.922023,36147.801584,332775.180299,1787.070382,122389.189594,-33.019595,11515.284621,304754.098612,368922.981883,945810.837401
2020-02-23,854.58194,156166.940016,25894.932575,219593.393881,1800.475452,122442.919415,-2.812345,6011.580618,348349.492905,245488.32645599998,881111.504457
2020-02-24,868.236577,134751.284631,35203.077951,314587.288882,2838.687079,122285.859633,-12.401031,21583.277425,248395.333746,349790.36683300004,880500.644893
2020-02-25,875.433786,130084.555164,32438.558681,302218.782012,3226.174843,122387.601976,-21.474107,17387.59817,320493.032189,334657.340693,929090.262714
2020-02-26,766.887058,150501.537291,65439.492328,401265.106993,3228.785561,122072.029677,-22.232005,23127.835661,266382.780489,466704.59932100005,1032762.223053
2020-02-27,858.271395,153966.97074,80863.057931,459584.904951,3172.389977,122421.384123,-43.665589,24042.04767,204307.032681,540447.962882,1049172.3938789999
2020-02-28,850.052076,171867.804825,79003.24223,456843.977271,2887.942802,122448.435277,-33.238403,19167.460245,94681.426692,535847.219501,947717.1030149999
2020-02-29,900.990046,114631.959688,18296.271122,223915.640594,2226.035099,122373.224634,-59.149879,9432.601496,370163.277709,242211.911716,861880.8505089999
2020-03-01,899.665409,106636.609357,21525.425701,233374.327522,2007.454179,122386.465148,-5.626635,11626.062031,327076.330224,254899.753223,825526.7129360001
2020-03-02,895.34419,168652.235048,56880.0981,343556.91223,2370.300036,122328.868362,-22.971255,6012.570141,177008.652546,400437.01033,877682.0093979998
2020-03-03,859.77908,173081.493687,46103.574494,385492.998901,2568.714408,122236.539437,-60.110475,5144.895393,162037.955085,431596.573395,897465.8400099999
2020-03-04,883.124573,152471.056824,31141.116974,332366.076018,2086.295955,122110.93205,-40.27601,6395.464499,260036.67674,363507.192992,907450.4676229999
2020-03-05,901.893751,137596.311988,38133.280083,322137.331596,2508.90872,122182.589335,-29.572854,24342.926172,244147.427161,360270.611679,891921.095952
2020-03-06,868.168859,122035.680868,33972.874893,354744.955062,2752.733814,122203.634538,-37.935659,23902.227376,219302.749922,388717.829955,879745.089673
2020-03-07,933.723337,108523.663559,17035.604018,223417.794046,1972.186171,120138.559247,-5.596796,8278.067878,386900.056183,240453.398064,867194.0576429999
2020-03-08,922.917179,97443.784575,16981.32874,164281.133959,1767.852779,117123.53005,-9.255162,5578.041312,413992.506723,181262.462699,818081.840155
2020-03-09,941.428092,102860.208119,37135.637417,326679.204399,2738.843212,122177.327285,4.138339,15938.756575,260737.22341,363814.841816,869212.766848
2020-03-10,875.376657,96812.014712,51125.271689,393435.956519,2675.909223,122085.063451,-63.286697,19105.761425,215654.074885,444561.228208,901706.1418640001
2020-03-11,829.917574,113468.939444,81095.997755,380509.801772,2862.849274,121865.058569,-21.310626,16527.394134,217319.048571,461605.799527,934457.6964669998
2020-03-12,791.792598,132320.928887,92675.493288,359916.658365,2807.522469,121851.503502,-29.142342,12075.455644,228284.697988,452592.151653,950694.9103989999
2020-03-13,836.231136,134661.877002,61651.31635,367283.878116,2345.404281,117427.791259,5.894676,7499.206637,235380.670045,428935.19446599996,927092.269502
2020-03-14,804.916293,160530.660433,78500.782056,402161.984533,3159.355422,89158.635267,-69.811328,15681.034848,146848.414355,480662.766589,896775.9718790001
2020-03-15,873.793349,145671.174289,78191.743067,362865.750038,3118.84268,89401.086945,-19.910547,3886.1968,192303.552135,441057.493105,876292.228756
2020-03-16,813.139584,166387.142225,102338.472481,390263.466602,3268.766256,89626.228199,-42.598748,11704.373941,124801.812528,492601.939083,889160.803068
2020-03-17,847.183972,163672.982338,68504.770248,381698.036531,3803.460378,89763.161454,-18.743186,8500.3317,212649.077654,450202.806779,929420.261089
2020-03-18,808.292915,153154.509775,63410.439176,377027.723435,3343.698219,89715.291738,-79.358531,12134.741156,251184.426392,440438.162611,950699.764275
2020-03-19,776.885907,149199.630186,45569.819568,322484.241905,3378.853472,89654.62463,-52.04292,16712.276437,357462.382547,368054.061473,985186.671732
2020-03-20,796.330514,149008.982299,50836.974927,324092.032526,3440.754598,89641.860294,-52.133969,19590.778327,280352.463231,374929.007453,917708.042747
2020-03-21,928.842163,171664.293289,88288.600067,396422.650508,4200.466878,89745.489804,-66.412997,4585.409943,110109.536307,484711.250575,865878.8759619999
2020-03-22,942.720546,159926.069474,77861.99382,380557.256905,4986.185762,89759.151979,-134.085215,15395.609033,109524.106653,458419.25072500005,838819.0089570001
2020-03-23,904.814932,172045.780152,94311.748949,336909.394451,4018.901635,89743.344223,-50.011177,18977.038317,188947.082018,431221.14339999994,905808.0935
2020-03-24,904.048652,171332.234152,119950.522069,337054.871047,4183.462822,89749.171169,258.484528,24946.392668,206918.885601,457005.393116,955298.072708
2020-03-25,904.543419,160667.757254,85989.542957,362565.638907,3615.884045,89669.899824,-29.490545,24881.04004,248604.296398,448555.18186400004,976869.1122989999
2020-03-26,892.757706,147410.458587,84067.838441,325375.642617,4098.676926,89581.251804,-20.213632,22339.705036,337257.223671,409443.481058,1011003.341156
2020-03-27,891.826945,165253.360749,93179.503343,374643.574961,3172.235834,89586.03328,-39.221999,12390.322207,275474.028908,467823.078304,1014551.6642280001
2020-03-28,875.692838,110975.396583,37379.778527,291489.028689,3169.989074,89576.662393,-51.672584,18027.962551,358642.140568,328868.807216,910084.9786389999
2020-03-29,906.4449,118915.790078,51449.638598,356499.609381,3273.632584,89635.622169,-88.021314,16773.278259,180247.971476,407949.247979,817613.9661310001
2020-03-30,917.80179,148299.544126,42255.375469,332420.166562,3187.056054,89622.379093,-34.981378,15202.042948,256495.722268,374675.542031,888365.1069320001
2020-03-31,891.287783,155043.247642,63640.529604,375956.613356,3183.371183,89615.878981,-50.886532,24970.793899,165266.155895,439597.14295999997,878516.991811
2020-04-01,811.378765,112711.190743,28899.313509,231030.914676,3331.663476,89659.259622,-13.898572,6891.272397,380984.182576,259930.22818499999,854305.277192
2020-04-02,857.510674,127943.949349,28930.433025,268857.179669,3147.587975,89670.365019,-21.879005,20441.0067,327377.330544,297787.61269399995,867203.48395
2020-04-03,857.378149,152907.170987,35603.674785,294433.177303,3161.297389,89648.026708,-16.249473,12166.134263,311019.054242,330036.852088,899779.664353
2020-04-04,836.14521,190516.459127,62914.549768,382169.463144,3223.552513,89657.934345,-64.042255,8243.337831,142958.988695,445084.01291199995,880456.3883779998
2020-04-05,801.097304,146788.960792,53855.546807,341682.581433,3348.062247,89810.105468,-23.152169,12179.958256,170882.754279,395538.12824,819325.914417
2020-04-06,828.992369,159340.548844,44568.553641,316384.700268,3229.785761,89788.434291,25.5215,9322.11076,232126.690642,360953.253909,855615.3380760001
2020-04-07,809.698022,189917.228205,84763.806488,368612.26553,2901.540775,89737.316846,-24.617893,20256.321473,207452.913421,453376.07201799995,964426.4728669999
2020-04-08,807.504618,209429.192926,128261.988643,399150.432196,2811.14042,89498.260609,8.760563,23882.353389,178802.267669,527412.420839,1032651.901033
2020-04-09,842.411738,214302.087585,80145.689743,432074.923062,3699.031539,88853.583564,-19.403678,10240.742145,132061.285728,512220.61280500004,962200.351426
2020-04-10,847.843416,144245.850646,19733.541839,332468.525543,3758.025251,88804.938163,-28.88897,17701.114884,242872.209549,352202.06738200004,850403.1603210001
2020-04-11,896.551502,142709.833986,21353.523691,242517.64794,3937.4813130000002,88836.706659,-18.740112,18922.44638,308934.570154,263871.171631,828090.021513
2020-04-12,816.287709,179952.813408,18416.972581,221875.950526,3426.956674,88785.143766,-33.443591,14127.426313,377738.821133,240292.923107,905106.9285190001
2020-04-13,788.535721,147644.166922,31294.645884,295079.460719,3506.155469,88837.491065,11.874999,27014.135703,238560.947,326374.106603,832737.4134820001
2020-04-14,889.236732,180546.633542,29656.486284,361981.7846,3415.363923,88487.07255,-24.676475,18444.257315,158597.403564,391638.270884,841993.5620350002
2020-04-15,844.027757,152495.55422,29493.550194,330450.778752,3173.656829,88481.148169,-42.751688,27354.493856,207542.135279,359944.328946,839792.5933679999
2020-04-16,851.652784,126981.009992,20144.292582,217673.717116,2086.938308,88581.214487,-59.048238,8340.236099,374843.017698,237818.009698,839443.0308279999
2020-04-17,876.975754,164708.030322,37386.482354,333461.362967,2175.7766,97265.369087,-10.741116,11784.527968,208814.925624,370847.845321,856462.7095600001
2020-04-18,910.441202,192600.814023,28193.305741,351268.174951,2132.665334,90338.908564,-46.642851,19057.657355,136561.656037,379461.480692,821016.9803560002
2020-04-19,890.158369,181565.12737,43952.556138,296503.788597,2172.09195,71273.271794,3.615359,22493.667186,235511.306872,340456.344735,854365.583635
2020-04-20,829.834405,207199.381818,92137.285994,379194.938669,2293.330351,69893.128255,-42.801008,22862.965329,118591.691121,471332.224663,892959.7549339999
2020-04-21,841.001718,199974.377048,67783.141273,357260.955435,2301.337527,84925.517572,-51.516172,26080.628789,203082.797751,425044.096708,942198.240941
2020-04-22,872.043667,187604.173519,39721.767234,288987.06104,1921.138225,92417.607696,-5.758855,20408.183602,325612.841292,328708.82827399997,957539.05742
2020-04-23,884.369647,210553.566906,68661.712166,397350.32721,2439.810582,93012.164624,-44.583566,30255.704157,153367.924089,466012.039376,956480.9958149998
2020-04-24,840.521119,151448.755692,56766.112555,303035.718333,1963.296163,92944.446829,-16.75836,27023.285165,336063.015141,359801.830888,970068.3926370002
2020-04-25,911.355213,171439.088894,41190.718366,321049.546838,2005.245738,92527.451548,2.815946,30419.108871,187136.439299,362240.265204,846681.770713
2020-04-26,912.865969,153390.040067,22818.543438,212938.602407,1769.11056,92721.85957,-33.255232,20366.759425,351573.489622,235757.145845,856458.015826
2020-04-27,891.796204,178220.861302,39143.855429,264336.309851,2121.429077,92914.80159,379.22155,23184.380379,336054.971588,303480.16528,937247.62697
2020-04-28,825.079824,190458.126088,50561.242174,334916.162374,2515.052134,92842.893702,-14.077957,29781.124497,325998.065415,385477.404548,1027883.668251
2020-04-29,817.373993,160108.876938,39006.413398,337898.634335,2729.768375,92559.798023,-30.195782,27202.618718,265545.709446,376905.047733,925838.997444
2020-04-30,826.976041,156417.470908,29269.508231,378700.156563,2502.828649,92836.439818,-33.052718,28073.482637,217717.916784,407969.664794,906311.726913
2020-05-01,878.133294,141385.098209,29807.687435,261073.124478,2505.195263,92828.796197,-11.365285,23789.403141,392203.273792,290880.811913,944459.346524
2020-05-02,890.733509,157050.289025,37689.425692,310692.267905,2439.818859,92760.142925,6.99841,29650.960316,356962.901433,348381.69359700003,988143.538074
2020-05-03,858.01565,174516.86191,84383.766417,388096.24075,2968.005309,92736.636358,-29.837502,31153.247815,250736.300086,472480.007167,1025419.2367929999
2020-05-04,875.290092,179594.523417,94075.905668,393631.004359,2994.697287,92571.443573,-18.176143,33388.944831,319193.744558,487706.910027,1116307.377642
2020-05-05,901.024111,169650.588329,64208.580161,392381.956126,2359.748874,92263.858636,-37.982459,22348.998687,301642.75332,456590.536287,1045719.5257850001
2020-05-06,854.103105,160839.49345,52199.303871,422885.637609,2273.115344,92166.187244,-0.887882,33746.555262,180663.75819,475084.94148000004,945627.266193
2020-05-07,761.186762,152691.206283,26482.045773,266982.437707,1677.740903,92379.772929,-31.2442,13835.7889,414266.949986,293464.48348,969045.885043
2020-05-08,777.908165,159928.060327,30086.342882,300264.617995,2324.925309,92448.947002,125.39621,14741.663025,378233.387183,330350.960877,978931.2480980001
2020-05-09,761.8639,157822.23287,18192.62618,344617.832041,2801.214841,92095.336938,-52.792322,35053.853643,161308.000437,362810.45822100004,812600.168528
2020-05-10,799.650232,154654.627643,23748.9618,333193.829287,2743.595255,91873.070295,-18.404606,24318.703623,198898.063814,356942.791087,830212.097343
2020-05-11,788.875189,152564.45783,27259.524004,298028.740097,2202.895245,91977.494742,-41.891248,21857.223685,335680.395177,325288.264101,930317.714721
2020-05-12,774.633207,183969.478198,53011.041703,379531.034229,1898.213051,94130.386145,-34.260487,30642.667132,200230.81086,432542.075932,944154.004038
2020-05-13,798.225444,145826.705118,41413.906889,323538.343522,1717.664667,105030.609721,-37.574233,21643.957961,370497.721571,364952.250411,1010429.5606599998
2020-05-14,790.209482,172715.718717,73535.175308,399899.210863,1746.689201,115639.508434,-10.804001,32445.214353,287526.098879,473434.386171,1084287.0212360001
2020-05-15,736.925207,135965.393077,51531.32055,399337.867865,1945.481423,118623.287262,-50.882318,20553.700557,322676.731912,450869.188415,1051319.8255349998
2020-05-16,748.459384,133503.641537,53087.455439,418303.504095,2066.687479,121754.203941,-45.720609,34342.696028,106353.045111,471390.95953399997,870113.972405
2020-05-17,794.805362,155142.63497,70359.606421,459605.534404,1835.33481,121828.638017,-15.520632,37773.665247,74058.951075,529965.140825,921383.649674
2020-05-18,753.042964,158748.840668,96959.972244,431737.887108,1895.123638,121519.255027,-19.054447,37854.87745,224791.730689,528697.859352,1074241.675341
2020-05-19,719.200551,183448.464334,122847.407339,438511.148339,2807.282482,120960.471421,-10.034282,31727.890726,262863.124331,561358.555678,1163874.955241
2020-05-20,751.971392,186368.760382,77410.081107,449935.950762,2663.22439,120912.663579,-15.201326,31615.990413,266555.071066,527346.031869,1136198.5117650002
2020-05-21,755.112719,191187.460732,55489.56243,443691.86005,3409.759674,120872.053391,-8.471455,37761.520403,272722.711051,499181.42248,1125881.568995
2020-05-22,762.155826,204554.711716,88096.750427,446258.413599,3308.879587,121098.401396,82.931484,37523.20319,280175.568495,534355.1640260001,1181861.0157200003
2020-05-23,760.964426,174340.567885,39753.8774,360956.682239,3031.042906,121069.035135,-41.761939,15761.205614,414787.296678,400710.559639,1130418.910344
2020-05-24,711.207383,168488.890216,14420.998452,348084.835307,3161.701905,120832.501384,-7.934615,22712.467998,352195.952662,362505.83375899994,1030600.6206919999
2020-05-25,555.89118,144444.859524,20227.445054,384549.905335,3458.84398,121005.797205,-9.28101,25240.346024,200401.268774,404777.350389,899875.0760659999
2020-05-26,613.793503,191232.004978,38596.970811,462675.371255,3323.40936,121057.459415,-1.183406,38126.52092,100363.402276,501272.342066,955987.7491120001
2020-05-27,686.513312,173087.764587,50594.115406,453586.742808,3308.039262,121041.50305,9.376102,33188.491985,159541.185901,504180.858214,995043.7324129998
2020-05-28,611.09387,175335.327411,43920.4834,470853.093442,2898.323877,120960.325913,-46.148782,29609.495544,175673.50368,514773.576842,1019815.498355
2020-05-29,719.961736,198954.85863,48246.23665,524275.390958,2194.43961,121003.753851,19.148013,38185.840185,106085.736442,572521.627608,1039685.366075
2020-05-30,799.852392,189029.142999,34077.024435,456928.323263,1727.989758,120918.842726,33.317694,38718.191864,159513.241364,491005.347698,1001745.9264950001
2020-05-31,794.5632880000001,180268.814899,41363.609973,437870.377658,1734.697637,121006.281123,37.261435,30866.329267,155461.223163,479233.987631,969403.1584429998
2020-06-01,728.29978,184855.496945,47495.419865,486369.648036,1378.871053,121109.19094,-32.21326,24818.818338,157206.595513,533865.067901,1023930.1272100001
2020-06-02,787.522339,211514.214316,68636.835612,507364.734865,1719.228105,120985.076169,-44.920283,32749.372978,168040.741577,576001.570477,1111752.8056779997
2020-06-03,869.249116,218669.02253,101334.363776,521774.340731,2256.168502,120895.000767,-15.113856,35591.544175,158644.733253,623108.704507,1160019.308994
2020-06-04,853.986742,222311.871917,109853.100909,511651.254307,1874.851849,120713.725307,3.080239,36478.726061,220945.071542,621504.355216,1224685.6688730002
2020-06-05,787.300093,230834.572938,105853.831373,534234.655161,2058.09099,120296.71811,-2.104508,37584.789934,209089.071835,640088.4865339999,1240736.925926
2020-06-06,871.619391,207910.013933,90107.925794,517641.461317,1639.385843,120246.964122,-14.467539,37903.853113,243039.728506,607749.387111,1219346.48448
2020-06-07,843.914287,198293.85592,92516.109811,526854.824101,1569.342854,120256.57338,34.556028,37503.337598,230153.221503,619370.9339119999,1208025.735482
2020-06-08,775.140477,201307.696784,140451.658107,523528.033017,2157.146012,120171.841943,10.385713,39576.987176,260472.62133,663979.691124,1288451.510559
2020-06-09,629.584009,200222.164858,110009.139411,496045.481406,2286.976857,120042.742071,-49.635705,36563.394615,354709.123947,606054.6208169999,1320458.9714690002
2020-06-10,840.861825,201643.022501,80457.790124,516476.435595,1452.403994,120315.985229,13.682901,41777.150482,152144.64352,596934.225719,1115121.976171
2020-06-11,870.389748,198676.468725,58510.132944,427208.879255,1279.969548,120329.750552,-24.025236,32990.862117,282526.985747,485719.012199,1122369.4134
2020-06-12,897.981959,205428.553181,59230.6793,453322.738739,1275.119362,120340.317809,-29.907466,40387.001833,233896.965722,512553.418039,1114749.450439
2020-06-13,915.326266,201447.871151,51699.673939,421463.400787,1227.820018,120407.503664,-8.680704,38205.762427,268167.283262,473163.074726,1103525.96081
2020-06-14,888.341614,199788.850266,48282.77395,448464.255348,1330.130786,120424.708672,-27.79802,38940.070055,254803.00898,496747.029298,1112894.3416509998
2020-06-15,900.561767,211476.780344,66034.584287,518501.70095,1426.187675,120390.077825,-24.707667,38430.730939,266131.467053,584536.2852370001,1223267.383173
2020-06-16,858.237787,194186.322409,48763.607636,516610.260867,1329.402798,120323.723072,-3.289946,32663.975125,319817.894866,565373.868503,1234550.1346139999
2020-06-17,889.407252,185300.793494,50711.243006,450985.968184,1417.899065,120322.573481,37.211821,25787.437829,393620.939946,501697.21119,1229073.474078
2020-06-18,848.170846,205018.128017,60367.254536,478687.416969,1399.173842,120297.686497,0.207881,32991.896172,328830.154848,539054.671505,1228440.0896080001
2020-06-19,846.767493,198502.590085,48308.165545,459794.928893,1471.815688,120424.30943,6.607149,31046.264034,353756.107718,508103.094438,1214157.5560350001
2020-06-20,821.168454,192865.627242,50490.617298,481545.738692,1098.680937,120414.77947,-31.61114,31129.514941,248832.199012,532036.35599,1127166.7149059998
2020-06-21,821.878783,149848.73148,38180.335567,411420.194404,1151.627324,120433.810428,-22.731321,34301.725812,369628.084392,449600.52997100004,1125763.6568689998
2020-06-22,830.236414,179035.855019,57995.546862,452578.254048,1069.872092,120506.263575,-33.895444,34399.026096,326875.33542,510573.80091,1173256.494082
2020-06-23,846.20709,209933.485126,44337.685807,525368.132439,2213.645843,120610.236072,-14.220687,31244.572497,177716.535976,569705.818246,1112256.2801629999
2020-06-24,909.775497,230986.558699,62672.735864,562318.508087,2728.214519,120564.219407,-16.540145,33461.801626,115396.816101,624991.243951,1129022.089655
2020-06-25,911.134714,218993.977359,55342.310427,534052.06435,2709.051315,120402.331255,8.095546,38726.109315,184314.097479,589394.374777,1155459.17176
2020-06-26,914.907465,176590.468975,36291.101523,463142.721874,2744.643205,120471.286285,-19.076769,37197.753732,310829.731428,499433.823397,1148163.5377180001
2020-06-27,846.427301,162263.632001,40873.514016,425989.533954,2682.950433,120586.588478,24.699605,26628.082946,407003.240927,466863.04796999996,1186898.669661
2020-06-28,769.604253,141869.79455,34010.59299,412971.835678,997.504394,120632.333766,27.067276,25699.946919,437010.411186,446982.428668,1173989.0910120003
2020-06-29,780.000103,166391.076972,56533.765577,441680.152411,1003.482163,120608.46684,20.013398,35984.003483,456011.509614,498213.917988,1279012.4705610003
2020-06-30,823.474356,186474.915874,81491.449569,485510.399074,1010.082349,120488.576367,32.004604,34126.013014,397321.271419,567001.848643,1307278.1866259999
2020-07-01,657.077436,194650.259809,132812.406014,534481.945414,1099.628271,120497.416626,60.595232,30301.023198,313427.693077,667294.351428,1327988.045077
2020-07-02,623.176617,207918.552202,136161.013366,567011.757858,2063.742825,120405.925281,17.574028,35938.331022,253499.678415,703172.771224,1323639.751614
2020-07-03,623.642144,218181.757179,153835.694708,575050.607029,2501.628341,120264.254981,109.364141,40425.386295,160536.563018,728886.301737,1271528.897836
2020-07-04,615.48271,227047.866668,142048.432854,568840.139732,2066.977648,120080.829311,25.332542,40475.730436,135242.946473,710888.572586,1236443.738374
2020-07-05,619.33139,219760.956207,116835.089276,585301.061183,2065.633746,119989.667067,-10.151173,32498.422193,153991.611628,702136.150459,1231051.621517
2020-07-06,635.378326,229368.700303,114835.118409,624640.911489,2189.884911,119918.979745,21.0585,35100.494801,123571.054343,739476.029898,1250281.5808269999
2020-07-07,612.619313,240090.871739,104902.766417,615029.733581,2087.633205,119973.254159,-28.074044,34991.337295,137982.215055,719932.499998,1255642.35672
2020-07-08,630.881018,224269.878712,112520.54432,559754.342183,2158.598039,119968.773883,-28.134083,41018.469623,263576.976177,672274.8865029999,1323870.3298719998
2020-07-09,608.20296,210285.430875,113580.229461,516367.266924,1329.790253,119928.482781,-39.290137,39840.264158,367779.006102,629947.496385,1369679.383377
2020-07-10,606.704069,212684.239461,134326.752368,547059.401562,1554.541591,119858.29046,1.187032,41596.0364,308980.312774,681386.15393,1366667.465717
2020-07-11,588.156275,225351.962257,144244.992825,558974.177219,1882.264807,119711.027928,62.637795,43144.220811,262192.199075,703219.1700439999,1356151.6389920001
2020-07-12,580.240367,213131.438449,134886.150252,554653.52357,2021.355065,119727.533672,11.42508,39455.460745,256350.304479,689539.6738219999,1320817.431679
2020-07-13,560.052689,225552.32288,151316.269178,560367.094434,1871.113848,119709.290298,49.183777,35570.415082,328502.980837,711683.3636119999,1423498.7230230002
2020-07-14,579.318064,214617.09108,126669.899465,539764.490843,1495.411278,119643.36901,18.389517,33768.508355,370108.123692,666434.390308,1406664.601304
2020-07-15,603.323391,225990.877514,110899.466962,556274.352563,1457.329633,119744.084585,51.396058,36655.219815,334841.103504,667173.819525,1386517.154025
2020-07-16,595.275216,245028.448053,134200.271331,609466.761245,1579.216921,119693.42072,16.838668,40073.958293,244143.489355,743667.032576,1394797.6798019998
2020-07-17,577.064526,237752.1017,108156.168044,586026.595447,1696.808661,119721.406924,16.771661,40478.932636,256362.332916,694182.763491,1350788.1825150002
2020-07-18,553.069574,210257.442686,86160.216921,545090.379248,1732.22258,119778.660949,3.343326,40891.607742,259707.632467,631250.596169,1264174.575493
2020-07-19,590.439625,217853.105893,105969.749413,564586.380416,1671.889249,119711.658044,30.163847,40239.082692,218346.297023,670556.129829,1268998.7662020004
2020-07-20,584.259727,227800.442759,124927.873728,599077.601647,1616.208333,119760.507063,29.287499,35892.817333,201123.187039,724005.4753749999,1310812.185128
2020-07-21,499.258256,221868.084801,118112.07023,617091.180813,1516.110047,119735.939809,33.193427,32875.129009,152175.244082,735203.2510429999,1263906.210474
2020-07-22,531.560756,241880.250513,131889.070436,644585.051275,1530.522413,119710.205638,22.749886,31699.105382,127189.355389,776474.121711,1299037.8716880002
2020-07-23,596.714358,242850.520996,144621.023097,641252.22637,1592.138366,119769.803306,-9.887499,35287.515264,154256.172845,785873.249467,1340216.2271030003
2020-07-24,577.728672,225727.337768,132445.955365,624150.362823,1885.334241,119778.558271,-17.631232,37180.662059,192362.707549,756596.318188,1334091.015516
2020-07-25,855.239095,183680.384439,59035.997075,564103.754004,1258.122061,120010.296466,-16.552575,34049.970403,220725.556713,623139.751079,1183702.767681
2020-07-26,826.622585,210635.861133,58202.71252,546703.068861,875.811867,120045.226786,26.936433,36032.349504,172314.980058,604905.7813810001,1145663.569747
2020-07-27,830.677443,236558.515444,117401.245831,581976.450802,1000.460435,120000.921542,-11.418001,37329.840765,136488.086417,699377.696633,1231574.780678
2020-07-28,865.583716,217198.776406,77065.261064,600480.121971,1099.040526,120005.848661,-50.44515,35394.252241,132564.902179,677545.383035,1184623.341614
2020-07-29,850.985602,188652.072852,67095.074858,560932.757503,1078.738636,120094.965198,-13.567539,32115.028983,228192.275476,628027.832361,1198998.331569
2020-07-30,836.261394,201750.200226,111569.969668,541365.7812,1052.359852,119969.005855,23.987384,39189.183899,294882.52375,652935.750868,1310639.273228
2020-07-31,837.613911,232456.95492,135217.105494,590965.084183,1182.336224,119937.677673,61.979618,34297.254487,139708.396163,726182.189677,1254664.402673
2020-08-01,802.407857,205519.272374,127026.78778,594689.817204,1198.066352,120008.513365,-17.969041,35050.238646,58076.167756,721716.604984,1142353.302293
2020-08-02,735.692759,211708.82629,136029.923036,571049.550209,1201.045904,119874.229165,-28.50356,36198.129965,91101.268479,707079.473245,1167870.162247
2020-08-03,2073.3126,223594.832342,154685.41265,603384.478952,1418.413436,119673.926088,-32.676683,31445.403641,99631.337936,758069.891602,1235874.4409619998
2020-08-04,2610.555339,209262.810032,128383.279785,579793.486621,1273.72832,119183.975763,5.545834,37404.599472,193771.335151,708176.766406,1271689.316317
2020-08-05,2384.41206,221795.54271,113178.876818,533105.553463,1467.263586,118934.626769,-40.535623,31678.869617,260862.117765,646284.430281,1283366.7271649998
2020-08-06,2392.672075,226040.058211,97240.049336,519455.473012,1626.858213,119000.028275,17.212869,31108.110817,335631.434641,616695.522348,1332511.8974489998
2020-08-07,2417.968286,229620.551584,92779.181451,515056.224132,1476.780872,119093.406451,-18.407624,28915.115409,367939.209771,607835.405583,1357280.0303320002
2020-08-08,2511.628996,237328.705574,77327.949809,515282.473053,1598.111836,118163.692963,-32.97416,33663.917014,323873.81289,592610.422862,1309717.317975
2020-08-09,2519.428398,225311.485194,66923.782867,499577.794594,1483.792801,119465.270021,-14.427399,35224.226946,359046.790307,566501.577461,1309538.1437290001
2020-08-10,2516.670766,246795.477377,103693.307757,527005.889056,1794.996103,119542.033975,118.727708,32646.202813,351540.569515,630699.196813,1385653.87507
2020-08-11,2479.857936,254537.939451,122927.888184,568445.347656,1499.976087,119521.060799,-25.534941,36054.986691,309120.84838,691373.2358400001,1414562.3702430003
2020-08-12,2657.14842,220379.533045,159065.975877,583532.728198,1760.717855,119459.347638,-21.753778,38353.316847,303896.524957,742598.704075,1429083.539059
2020-08-13,2671.62905,214587.612163,167006.377965,578275.610975,1785.436783,119271.411059,-15.4493,39826.958335,308549.304715,745281.98894,1431958.8917450001
2020-08-14,2756.801455,243494.07769,185458.01191,592815.075822,2148.773061,119157.902982,276.136105,35209.345546,244581.672774,778273.087732,1425897.797345
2020-08-15,2671.495199,289377.410424,191613.222826,623418.179212,1993.767616,119098.141333,243.639807,24389.475087,139344.204485,815031.4020380001,1392149.5359890002
2020-08-16,2727.355183,270291.609259,171640.012983,621404.51617,2139.43941,118812.525517,60.483669,29019.731035,143593.757704,793044.529153,1359689.43093
2020-08-17,2730.375049,258689.466887,154689.969901,608875.894093,2046.162616,119095.380177,-54.676849,27338.491747,93786.280064,763565.863994,1267197.3436850002
2020-08-18,2656.298935,278353.493643,176874.295978,627539.624774,2244.964199,119204.763158,-51.456017,35531.508295,51389.652704,804413.9207520001,1293743.1456690005
2020-08-19,2454.227872,253126.026733,135582.938404,576355.968184,1775.901229,119197.66092,-41.261313,36967.491646,130673.279213,711938.906588,1256092.232888
2020-08-20,2462.582963,247275.253013,102814.950671,547281.669985,1995.624159,118944.492015,-19.228589,31965.055282,203499.598518,650096.620656,1256219.998017
2020-08-21,2500.424187,267486.077476,120148.824909,544179.410741,1765.57073,119201.328011,21.155875,33663.239392,177656.471959,664328.2356499999,1266622.5032799998
2020-08-22,2522.449127,235546.01376,91489.272315,516398.817155,1951.962821,119294.085818,37.758341,33910.236949,190987.133093,607888.08947,1192137.7293790001
2020-08-23,2520.781388,207350.766204,116592.825819,548180.636136,1520.320281,119457.750634,43.514031,37231.989394,172199.93449,664773.4619550001,1205098.518377
2020-08-24,2511.053828,240698.609236,130751.073324,577475.253189,1684.412484,119515.633225,48.258473,38185.346342,162455.942263,708226.326513,1273325.582364
2020-08-25,2501.485669,257767.003714,169454.956991,593431.843699,1845.115045,119538.596629,44.374421,36779.209018,107454.939499,762886.80069,1288817.524685
2020-08-26,2492.232782,277017.386512,128626.992466,581390.687934,1540.018474,119509.327993,18.640859,35084.020178,129323.626895,710017.6804000001,1275002.934093
2020-08-27,2512.020889,252050.101305,162057.277107,561511.299802,1568.474342,119515.123989,3.573437,37707.546158,149101.723696,723568.576909,1286027.1407249998
2020-08-28,2591.551415,249000.920654,171532.611247,550102.448482,1784.540725,119400.709391,67.596666,38134.738912,268849.704299,721635.0597290001,1401464.8217910002
2020-08-29,766.923185,265377.566472,179640.877349,558142.520342,1883.530421,119326.240352,106.385686,38129.159386,206463.305032,737783.3976909999,1369836.5082249998
2020-08-30,742.300802,256961.469767,121008.597847,556231.302988,1591.74218,119077.373651,98.517088,34697.906726,224593.773893,677239.900835,1315002.9849420001
2020-08-31,774.51996,267382.34888,163372.365507,564748.102106,1861.030308,119262.042102,365.890982,23226.989031,284372.399731,728120.467613,1425365.6886069998
2020-09-01,779.492146,302849.322593,93420.934083,557850.69452,1787.569519,119384.645,118.576921,21735.091786,264151.968708,651271.628603,1362078.2952759997
2020-09-02,834.502272,285344.074733,95814.215591,576372.964157,1978.979084,119631.467177,25.577416,31402.121617,130864.348645,672187.179748,1242268.2506920001
2020-09-03,819.151686,284002.529892,78904.994377,579025.587286,2026.990004,119553.221236,-2.230768,35707.74525,121316.544472,657930.581663,1221354.533435
2020-09-04,775.384895,279926.631353,65529.159804,582253.415706,1871.611316,119576.904449,67.754541,34698.758937,94527.949285,647782.5755100001,1179227.5702860001
2020-09-05,837.518078,253249.508186,55750.206148,544526.25163,2122.467924,119658.766354,30.567228,28521.267514,108143.086039,600276.4577779999,1112839.6391009998
2020-09-06,906.186462,234716.994314,56336.600353,502816.718651,1850.74273,119686.542105,53.818755,36042.001059,182250.838985,559153.319004,1134660.4434139999
2020-09-07,886.141389,234223.530388,45962.059466,464711.245092,1933.226186,119675.622607,21.817587,31410.159521,301579.0047,510673.304558,1200402.806936
2020-09-08,872.401453,223283.507566,35894.417557,413680.468689,1606.976006,119818.846931,39.425402,18254.097519,396954.214704,449574.886246,1210404.3558270002
2020-09-09,840.419326,199471.622485,23330.98274,391191.542417,1152.508709,119853.51871,34.588581,8027.423187,392928.704879,414522.525157,1136831.3110339998
2020-09-10,785.07507,202175.895989,39460.086692,426451.353323,1461.736586,119985.739868,40.430118,7445.313643,177989.741676,465911.440015,975795.3729650001
2020-09-11,770.22268,239321.812328,44706.114202,509223.978985,2045.122607,120336.061071,-14.75851,21102.991768,75065.355835,553930.093187,1012556.900966
2020-09-12,773.897528,243321.194145,92303.168226,525132.315582,1704.207139,120292.595513,531.012122,27374.822084,76775.294007,617435.483808,1088208.5063460001
2020-09-13,755.920574,257679.026182,81413.287193,574912.001316,1895.580788,120013.70153,8.592422,15715.813981,68555.437356,656325.288509,1120949.361342
2020-09-14,754.205999,266414.628309,74346.90026,589986.67338,1967.634397,120217.95545,19.884357,18581.771719,95352.574368,664333.5736400001,1167642.2282390003
2020-09-15,730.386976,292477.153214,105497.130006,595347.83732,2275.587107,120203.635564,-65.349883,26211.012468,48413.926305,700844.9673260001,1191091.3190769998
2020-09-16,695.094399,273616.875925,102816.748934,598946.204034,2492.914723,120144.440955,28.357043,29164.154554,58639.597467,701762.9529680001,1186544.3880339998
2020-09-17,788.02905,283881.292742,54803.716734,579722.130607,2464.233954,120173.10224,-18.374202,25975.941322,85796.763842,634525.847341,1153586.8362890002
2020-09-18,846.726972,252065.006735,44928.746812,538861.674354,2570.094833,120267.71023,-14.513998,29741.7841,112445.411026,583790.421166,1101712.641064
2020-09-19,888.324763,206628.762904,28364.800879,480654.859515,2448.618077,120416.939873,35.808467,30356.059452,126918.396016,509019.660394,996712.569946
2020-09-20,854.024506,174013.842844,20339.742554,406881.179129,1870.053179,120599.757223,11.62739,31395.094659,170376.917279,427220.921683,926342.2387630001
2020-09-21,833.007158,188992.341119,20653.471205,437712.729079,2337.249144,120772.690547,-40.377358,27947.155571,159902.700469,458366.200284,959110.966934
2020-09-22,856.967609,208803.215011,39533.545994,476914.54567,2588.376489,120873.447099,-9.162044,30622.5966,93442.573416,516448.091664,973626.1058440001
2020-09-23,870.539748,209911.084024,54909.195241,500956.463492,2485.948381,120841.923953,-60.571489,29985.682659,59838.081568,555865.658733,979738.347577
2020-09-24,856.45313,198765.681096,45127.821276,505365.887726,1645.89188,120848.834319,58.46045,33506.805221,71155.544863,550493.709002,977331.3799610002
2020-09-25,850.733722,190659.848223,23180.487273,427182.921784,1587.028157,120791.293385,-8.68979,32844.916773,229024.141046,450363.409057,1026112.680573
2020-09-26,791.05862,169184.195268,22505.769587,345808.291371,1504.068989,120849.708241,-19.654455,29289.231279,361479.289672,368314.060958,1051391.958572
2020-09-27,866.91891,187061.928693,33510.826449,395737.768758,1517.760103,120690.218506,-16.84451,30029.082354,369832.501141,429248.595207,1139230.160404
2020-09-28,883.585909,152863.847489,22187.880348,349414.955312,1143.190267,120719.376929,-21.623672,20546.371307,324209.868759,371602.83566,991947.452648
2020-09-29,831.038812,166534.295067,25486.911238,458808.503199,1914.568405,121057.385912,-8.794339,36495.374082,106556.822928,484295.41443700006,917676.105304
2020-09-30,903.101115,157373.894324,40773.000042,436396.486961,1949.411031,120795.494742,-0.318209,35473.531308,164832.11492,477169.487003,958496.7162339998
2020-10-01,842.930221,189856.30629,34064.27793,411141.994809,1535.078628,120443.269231,30.280811,32489.51002,182793.724705,445206.272739,973197.372645
2020-10-02,872.229558,166006.449368,21703.645668,357075.86667,1105.115945,120099.981567,-19.269774,27178.94583,250027.994557,378779.512338,944050.959389
2020-10-03,883.219157,162184.652233,28452.148529,305404.978239,1082.324285,119728.288773,49.811128,25284.325197,287305.559734,333857.126768,930375.3072749999
2020-10-04,890.566084,180379.039615,46474.810678,416299.50661,1878.675118,119515.647099,78.934208,33348.15071,143575.724648,462774.31728799996,942441.0547699999
2020-10-05,848.257386,188725.076235,41726.127551,361510.349174,935.644952,119128.073114,105.092872,27345.209942,257692.627983,403236.47672499996,998016.459209
2020-10-06,807.864844,191931.359414,81397.882607,454932.872397,1490.854564,118952.139723,48.690794,31908.53712,159747.369689,536330.755004,1041217.5711520001
2020-10-07,773.31853,191275.48684,88985.450015,465337.306205,1676.623057,118612.987035,21.620301,29902.824694,163493.843236,554322.75622,1060079.459913
2020-10-08,849.071654,199609.053476,68204.492933,437997.761825,1246.922665,118333.636588,38.725419,30074.680248,220254.623276,506202.254758,1076608.968084
2020-10-09,831.423438,196814.628068,79351.791545,475951.33592,1125.734361,118017.778295,128.841494,29638.130497,193301.637756,555303.127465,1095161.301374
2020-10-10,883.03879,179176.829538,103578.525885,489020.159613,1388.20641,102126.481754,10.274476,32402.580646,158490.352347,592598.685498,1067076.449459
2020-10-11,855.93207,177502.310357,83399.38103,459035.882236,862.024302,90591.64841,2.50846,30911.253441,288887.970219,542435.263266,1132048.910525
2020-10-12,874.176926,183160.426987,101491.619541,490668.650872,1008.545754,91215.372716,99.403864,26699.645348,224324.31913,592160.270413,1119542.1611380002
2020-10-13,850.774576,181993.237424,76485.137689,467163.761087,758.44517,91254.127445,40.42411,30505.032402,184803.648103,543648.898776,1033854.5880060002
2020-10-14,836.024213,189443.381009,70019.100243,390084.865094,741.485668,91267.454719,27.171012,30463.866883,321563.154365,460103.965337,1094446.5032059997
2020-10-15,854.515705,209444.401304,53964.582791,353966.245157,589.636388,91595.858231,28.750508,14089.589981,358970.991711,407930.82794800005,1083504.5717759999
2020-10-16,847.163229,182097.017472,22701.129024,335469.685,582.660908,91873.175474,28.257183,28142.955135,232946.205382,358170.814024,894688.2488070001
2020-10-17,895.224962,161776.634631,20039.471767,253551.419466,558.814213,92055.523697,-18.528776,15054.758735,345144.446421,273590.891233,889057.765116
2020-10-18,861.25213,186325.843269,79036.310827,336469.978766,642.932471,91903.197394,45.358567,25627.637789,305846.554428,415506.289593,1026759.0656410002
2020-10-19,705.729809,216812.763857,141978.493525,455895.828614,625.834644,91996.34033,22.808495,21422.083869,116433.692484,597874.322139,1045893.5756270002
2020-10-20,670.923283,219421.163858,88060.475405,402059.401648,687.763299,91938.429466,48.270293,16814.621498,280491.955547,490119.87705300003,1100193.0042970001
2020-10-21,668.707627,205561.994743,89188.600196,351789.098868,734.673635,91919.013484,119.612266,14882.410098,361230.137335,440977.699064,1116094.248252
2020-10-22,649.311153,203897.471828,91905.649964,331888.586483,835.80435,91791.02061,53.006323,12441.611316,378617.805457,423794.236447,1112080.267484
2020-10-23,746.300948,209587.768015,66367.513551,331557.271266,686.384179,91630.066523,62.554526,5125.329006,301805.120757,397924.784817,1007568.308771
2020-10-24,898.822124,195437.453291,31308.041837,312386.481402,745.212867,91976.680888,30.377385,24275.526278,171494.033641,343694.523239,828552.629713
2020-10-25,871.20968,168359.958676,29342.218821,235929.321355,587.86257,92052.364992,30.214406,20929.439929,332346.015217,265271.540176,880448.605646
2020-10-26,790.634852,205766.190532,99879.732709,316398.552179,579.869794,92105.31322,511.053535,6061.398628,267044.631722,416278.284888,989137.3771710001
2020-10-27,743.360407,230140.619593,159641.383421,443143.727375,527.609053,92186.072642,-47.003147,4189.531912,70724.264889,602785.110796,1001249.566145
2020-10-28,766.039206,215677.563542,92605.041155,396119.336443,478.951331,92401.95769,129.001038,17482.73952,173398.643868,488724.377598,989059.2737929999
2020-10-29,847.004021,189798.563271,47985.375139,344239.5952,460.285716,92540.647267,-18.23568,24144.922949,258617.567825,392224.970339,958615.7257080001
2020-10-30,814.744495,219163.297009,67925.517662,409613.304272,416.423779,92557.777471,-14.950154,28861.973352,80525.496065,477538.821934,899863.5839509999
2020-10-31,843.746837,194072.134574,35574.539495,306044.631858,586.372099,91887.209641,34.999832,19690.53784,200924.267633,341619.171353,849658.4398090001
2020-11-01,849.805957,193136.311647,53660.590921,294112.310437,738.823417,95516.120204,41.541692,27579.442451,186952.258535,347772.901358,852587.2052610001
2020-11-02,811.720389,183103.46539,55123.26962,298091.664781,376.087039,91632.372036,45.393784,29456.721173,214210.074031,353214.934401,872850.768243
2020-11-03,829.361304,171954.801207,27227.933031,242406.272502,409.627684,91676.327541,36.044953,20564.123921,330190.09523,269634.205533,885294.587373
2020-11-04,883.79694,176984.479532,24739.605171,231314.751046,378.187354,91812.424828,23.834775,21800.233832,343532.625653,256054.356217,891469.9391310002
2020-11-05,826.111994,189198.33097,90660.508709,330931.477585,381.968143,92648.971675,221.91128,26926.130277,158785.18131,421591.986294,890580.5919430001
2020-11-06,850.501996,191335.971261,82030.435725,355322.305198,381.468883,100605.856266,12.114776,26543.13876,127261.096465,437352.740923,884342.8893299998
2020-11-07,880.987734,168887.953607,28075.214963,229155.573572,419.370098,91604.161754,39.672309,18439.166753,336594.034646,257230.788535,874096.135436
2020-11-08,900.816163,175506.315988,35902.012591,193081.155579,454.281928,93567.892627,-1.0857,7142.717294,381596.314954,228983.16817000002,888150.4214239998
2020-11-09,880.500169,180948.672022,62054.855392,245530.52636,419.001564,105436.148158,-32.185045,9744.64677,380486.231487,307585.38175199996,985468.396877
2020-11-10,904.502458,197658.485009,100417.799908,338811.068099,403.609433,114643.256646,17.762998,27339.014251,185334.418768,439228.868007,965529.9175699999
2020-11-11,872.72209,209067.788985,101034.32535,381663.320964,508.820177,120456.734135,-49.606569,27984.812601,97037.085297,482697.646314,938576.00303
2020-11-12,900.852927,192176.961902,84503.537604,340983.552631,393.269564,121617.95248,-24.096771,24975.96127,176203.032942,425487.090235,941731.024549
2020-11-13,883.866672,201677.340927,84384.04116,367674.605605,437.901602,121590.992028,-9.63817,9121.337289,150397.77801,452058.64676499995,936158.225123
2020-11-14,876.286855,188936.227891,45719.581662,268939.69707,529.843203,120913.026212,-33.443892,7784.719269,333375.476407,314659.278732,967041.4146769999
2020-11-15,890.541085,191867.791578,25463.479225,280465.26861,435.602303,120657.194488,-8.45493,29260.190893,207004.259136,305928.74783500005,856035.872388
2020-11-16,834.36282,182918.311292,30738.121618,313464.601797,555.753199,120877.980779,-46.394554,26752.508259,218059.564057,344202.72341499996,894154.8092670001
2020-11-17,904.550982,195277.862306,32230.780547,307695.538157,638.797704,121858.484206,-48.297722,22638.967869,213392.975686,339926.318704,894589.6597349999
2020-11-18,898.292112,150271.981155,27542.138652,212721.907638,576.875105,122054.203355,-62.967047,15179.466049,375929.278311,240264.04629,905111.1753300001
2020-11-19,854.485967,142060.327083,14457.785625,244998.964897,621.117942,121874.824882,62.725456,16543.839146,376015.211255,259456.750522,917489.282253
2020-11-20,932.191081,169485.75975,29452.034721,341448.894705,827.615954,121817.116297,-19.206717,24513.903054,232510.590564,370900.929426,920968.8994090001
2020-11-21,947.933547,186561.689329,26421.314307,382533.262546,848.657967,121727.554797,-22.679418,17839.345706,143757.421058,408954.57685300004,880614.4998390002
2020-11-22,936.166948,192587.043013,14224.588208,350884.4317,665.319268,121718.197294,-10.348662,8650.610153,181596.180531,365109.019908,871252.1884529998
2020-11-23,901.191495,173322.986722,12877.714891,296055.493225,793.988263,121812.023391,-5.507518,8592.317255,281489.047048,308933.208116,895839.254772
2020-11-24,818.756227,153688.294346,15899.447391,178551.550324,887.555939,121840.102624,10.208477,16655.536401,453487.53842,194450.997715,941838.990149
2020-11-25,836.158671,206859.227319,27830.428113,326156.494972,826.939682,121914.143577,-25.142816,28641.265255,199369.181864,353986.923085,912408.696637
2020-11-26,891.492453,181032.599092,24817.773981,244032.709498,654.851913,121801.319024,8.944268,26215.906635,274044.230847,268850.483479,873499.827711
2020-11-27,863.314015,174362.856492,14433.874513,227731.700058,621.608703,121845.744449,-25.406681,12838.493161,322411.624579,242165.57457099998,875083.809289
2020-11-28,863.160271,203915.520661,22878.247447,358928.12154,616.880649,121930.763998,-22.500625,12878.797412,146131.511202,381806.368987,868120.502555
2020-11-29,843.224963,182111.604008,12156.952424,286618.074059,638.229973,121872.275329,-31.783006,18283.421639,269913.651106,298775.026483,892405.650495
2020-11-30,861.573199,197578.612495,37906.745415,409854.828301,638.478564,122080.891586,17.779939,29813.965524,239347.842564,447761.573716,1038100.7175869999
2020-12-01,793.58743,215934.242057,22236.883367,302907.837571,664.246568,122304.886687,12.28353,15335.245542,397700.779855,325144.72093799995,1077889.9926069998
2020-12-02,812.85488,214779.103519,17445.001476,229067.277276,518.517045,122559.244351,63.754885,5899.089385,394127.769303,246512.278752,985272.61212
2020-12-03,846.648724,215248.490314,40308.954972,363082.531345,534.668992,122573.444273,23.100838,21361.811517,290435.756452,403391.486317,1054415.4074269999
2020-12-04,827.19499,224121.831585,43553.411769,551052.229567,511.220221,122667.262647,29.832556,28561.83714,66880.685923,594605.641336,1038205.5063979999
2020-12-05,925.552898,241187.643745,39323.469806,504824.75407,458.996775,122654.139296,-7.176741,6727.851983,81199.065337,544148.223876,997294.297169
2020-12-06,912.337411,198830.720948,19241.14857,401209.254286,507.854887,122691.190096,37.174165,29019.887581,150072.620863,420450.402856,922522.1888069999
2020-12-07,851.436533,225576.699602,46325.445812,508618.524205,456.038848,122762.518577,34.60496,28823.025466,43983.141086,554943.970017,977431.435089
2020-12-08,873.035068,200953.92988,30109.738065,489078.989194,482.398613,122779.758522,2.451369,29982.982418,85570.232669,519188.727259,959833.5157980002
2020-12-09,846.555613,193409.017246,19176.941345,348764.180064,532.779961,122738.400239,36.424101,30240.353923,229990.590596,367941.121409,945735.2430879999
2020-12-10,859.261103,195406.385382,16209.078732,204152.058092,491.749119,122628.30604,2.599631,20896.908809,365014.82739,220361.136824,925661.174298
2020-12-11,902.635194,217128.915241,14294.281651,314301.012184,413.273408,122562.719783,-50.131037,22462.727664,200724.114645,328595.293835,892739.548733
2020-12-12,850.023793,231967.564043,13857.151172,308298.492721,487.915353,122536.36019,14.471158,28366.443806,190556.481552,322155.643893,896934.9037880001
2020-12-13,808.029801,217325.709046,14712.540604,259525.30455,379.015492,122533.099058,59.359381,13457.386278,350735.020827,274237.845154,979535.465037
2020-12-14,795.303604,244395.832237,40216.532801,413240.493194,467.082895,122579.085906,22.503806,26963.451658,243710.423344,453457.025995,1092390.7094450002
2020-12-15,882.925705,254047.091364,27132.924011,355454.807884,419.987185,122675.465371,79.623827,16842.439944,323646.418164,382587.73189500003,1101181.683455
2020-12-16,796.982532,259535.593953,49031.650246,523349.403549,590.509586,122733.186803,3.543631,29345.120943,124107.852895,572381.053795,1109493.844138
2020-12-17,763.863197,242427.353256,37787.698019,466383.86973,463.70414,122692.024599,13.357423,29834.485471,204725.287506,504171.567749,1105091.643341
2020-12-18,876.929592,214317.244725,20083.849696,249826.065555,550.337255,122798.215279,40.562067,9375.96226,404235.312784,269909.915251,1022104.4792129999
2020-12-19,823.841823,207928.600292,31933.725266,302613.357394,522.079505,122802.524,-5.707293,27914.387411,191312.847183,334547.08266,885845.6555810001
2020-12-20,858.400528,202678.838245,31326.730159,365968.326565,562.860685,122752.344447,36.60629,30861.555742,165810.230502,397295.056724,920855.8931629999
2020-12-21,814.048068,220762.301173,27937.452342,375698.525547,402.653007,122644.680838,27.692797,27168.947541,184783.689149,403635.977889,960239.990462
2020-12-22,864.06045,157556.714847,12517.326148,184000.222267,452.516007,122698.465701,-14.243886,18324.968722,436494.773136,196517.548415,932894.803392
2020-12-23,878.951307,174661.646952,12925.639968,163980.889718,408.452922,122642.82897,73.793991,18501.379471,425170.581079,176906.529686,919244.1643780002
2020-12-24,628.517787,232689.364894,29533.467125,279940.329308,535.136801,122616.669915,99.890985,27914.282198,333300.327109,309473.796433,1027257.9861219999
2020-12-25,664.865271,232284.285559,22243.930799,338131.329104,464.277251,122697.164557,-17.988851,27489.074455,207950.893195,360375.259903,951907.8313400001
2020-12-26,665.270015,175514.13295,12500.900735,163359.280726,600.238779,122736.782056,28.552832,28485.433626,414850.098771,175860.181461,918740.69049
2020-12-27,635.255371,184407.678785,12629.842174,182007.744926,500.494667,122762.95479,13.731479,29820.239198,321323.147861,194637.5871,854101.0892510001
2020-12-28,591.302614,193621.421107,12041.562536,204434.235571,636.269588,122720.408975,-13.652177,19924.960198,350947.81022,216475.798107,904904.3186320001
2020-12-29,667.202987,144900.104532,20169.062127,147785.442137,643.995831,122664.769337,-26.962775,11594.382815,443182.060206,167954.50426400002,891580.057197
2020-12-30,704.598125,158272.638521,17970.573106,210013.087865,655.564849,122629.625647,19.636788,3539.284392,434953.837358,227983.660971,948758.846651
2020-12-31,691.216422,166031.079721,51900.515028,387944.848524,528.396953,122562.916565,1.942955,3252.561653,350800.116658,439845.36355199997,1083713.594479
